Type,Timestamp,Image
Helmet Violation,2025-07-05_11-35-51,evidence/helmet_violation_2025-07-05_11-35-51.jpg
Helmet Violation,2025-07-05_11-35-51,evidence/helmet_violation_2025-07-05_11-35-51.jpg
Helmet Violation,2025-07-05_11-35-51,evidence/helmet_violation_2025-07-05_11-35-51.jpg
Helmet Violation,2025-07-05_11-35-52,evidence/helmet_violation_2025-07-05_11-35-52.jpg
Helmet Violation,2025-07-05_11-35-52,evidence/helmet_violation_2025-07-05_11-35-52.jpg
Helmet Violation,2025-07-05_11-35-52,evidence/helmet_violation_2025-07-05_11-35-52.jpg
Helmet Violation,2025-07-05_11-35-52,evidence/helmet_violation_2025-07-05_11-35-52.jpg
Helmet Violation,2025-07-05_11-35-52,evidence/helmet_violation_2025-07-05_11-35-52.jpg
Helmet Violation,2025-07-05_11-35-52,evidence/helmet_violation_2025-07-05_11-35-52.jpg
Helmet Violation,2025-07-05_11-35-52,evidence/helmet_violation_2025-07-05_11-35-52.jpg
Helmet Violation,2025-07-05_11-35-52,evidence/helmet_violation_2025-07-05_11-35-52.jpg
Helmet Violation,2025-07-05_11-35-52,evidence/helmet_violation_2025-07-05_11-35-52.jpg
Helmet Violation,2025-07-05_11-35-53,evidence/helmet_violation_2025-07-05_11-35-53.jpg
Helmet Violation,2025-07-05_11-35-53,evidence/helmet_violation_2025-07-05_11-35-53.jpg
Helmet Violation,2025-07-05_11-35-53,evidence/helmet_violation_2025-07-05_11-35-53.jpg
Helmet Violation,2025-07-05_11-35-53,evidence/helmet_violation_2025-07-05_11-35-53.jpg
Helmet Violation,2025-07-05_11-35-53,evidence/helmet_violation_2025-07-05_11-35-53.jpg
Helmet Violation,2025-07-05_11-35-53,evidence/helmet_violation_2025-07-05_11-35-53.jpg
Helmet Violation,2025-07-05_11-35-53,evidence/helmet_violation_2025-07-05_11-35-53.jpg
Helmet Violation,2025-07-05_11-35-53,evidence/helmet_violation_2025-07-05_11-35-53.jpg
Helmet Violation,2025-07-05_11-35-53,evidence/helmet_violation_2025-07-05_11-35-53.jpg
Helmet Violation,2025-07-05_11-35-54,evidence/helmet_violation_2025-07-05_11-35-54.jpg
Helmet Violation,2025-07-05_11-35-54,evidence/helmet_violation_2025-07-05_11-35-54.jpg
Helmet Violation,2025-07-05_11-35-54,evidence/helmet_violation_2025-07-05_11-35-54.jpg
Helmet Violation,2025-07-05_11-35-54,evidence/helmet_violation_2025-07-05_11-35-54.jpg
Helmet Violation,2025-07-05_11-35-54,evidence/helmet_violation_2025-07-05_11-35-54.jpg
Helmet Violation,2025-07-05_11-35-54,evidence/helmet_violation_2025-07-05_11-35-54.jpg
Helmet Violation,2025-07-05_11-35-54,evidence/helmet_violation_2025-07-05_11-35-54.jpg
Helmet Violation,2025-07-05_11-35-54,evidence/helmet_violation_2025-07-05_11-35-54.jpg
Helmet Violation,2025-07-05_11-35-55,evidence/helmet_violation_2025-07-05_11-35-55.jpg
Helmet Violation,2025-07-05_11-35-55,evidence/helmet_violation_2025-07-05_11-35-55.jpg
Helmet Violation,2025-07-05_11-35-55,evidence/helmet_violation_2025-07-05_11-35-55.jpg
Helmet Violation,2025-07-05_11-35-55,evidence/helmet_violation_2025-07-05_11-35-55.jpg
Helmet Violation,2025-07-05_11-35-57,evidence/helmet_violation_2025-07-05_11-35-57.jpg
Helmet Violation,2025-07-05_11-35-57,evidence/helmet_violation_2025-07-05_11-35-57.jpg
Helmet Violation,2025-07-05_11-35-57,evidence/helmet_violation_2025-07-05_11-35-57.jpg
Helmet Violation,2025-07-05_11-35-57,evidence/helmet_violation_2025-07-05_11-35-57.jpg
Helmet Violation,2025-07-05_11-35-58,evidence/helmet_violation_2025-07-05_11-35-58.jpg
Helmet Violation,2025-07-05_11-35-58,evidence/helmet_violation_2025-07-05_11-35-58.jpg
Helmet Violation,2025-07-05_11-35-58,evidence/helmet_violation_2025-07-05_11-35-58.jpg
Helmet Violation,2025-07-05_11-35-58,evidence/helmet_violation_2025-07-05_11-35-58.jpg
Helmet Violation,2025-07-05_11-35-58,evidence/helmet_violation_2025-07-05_11-35-58.jpg
Helmet Violation,2025-07-05_11-35-58,evidence/helmet_violation_2025-07-05_11-35-58.jpg
Helmet Violation,2025-07-05_11-35-59,evidence/helmet_violation_2025-07-05_11-35-59.jpg
Helmet Violation,2025-07-05_11-35-59,evidence/helmet_violation_2025-07-05_11-35-59.jpg
Helmet Violation,2025-07-05_11-35-59,evidence/helmet_violation_2025-07-05_11-35-59.jpg
Helmet Violation,2025-07-05_11-35-59,evidence/helmet_violation_2025-07-05_11-35-59.jpg
Helmet Violation,2025-07-05_11-35-59,evidence/helmet_violation_2025-07-05_11-35-59.jpg
Helmet Violation,2025-07-05_11-35-59,evidence/helmet_violation_2025-07-05_11-35-59.jpg
Helmet Violation,2025-07-05_11-35-59,evidence/helmet_violation_2025-07-05_11-35-59.jpg
Helmet Violation,2025-07-05_11-35-59,evidence/helmet_violation_2025-07-05_11-35-59.jpg
Helmet Violation,2025-07-05_11-36-00,evidence/helmet_violation_2025-07-05_11-36-00.jpg
Helmet Violation,2025-07-05_11-36-00,evidence/helmet_violation_2025-07-05_11-36-00.jpg
Helmet Violation,2025-07-05_11-36-00,evidence/helmet_violation_2025-07-05_11-36-00.jpg
Helmet Violation,2025-07-05_11-36-00,evidence/helmet_violation_2025-07-05_11-36-00.jpg
Helmet Violation,2025-07-05_11-36-00,evidence/helmet_violation_2025-07-05_11-36-00.jpg
Helmet Violation,2025-07-05_11-36-00,evidence/helmet_violation_2025-07-05_11-36-00.jpg
Helmet Violation,2025-07-05_11-36-00,evidence/helmet_violation_2025-07-05_11-36-00.jpg
Helmet Violation,2025-07-05_11-36-00,evidence/helmet_violation_2025-07-05_11-36-00.jpg
Helmet Violation,2025-07-05_11-36-00,evidence/helmet_violation_2025-07-05_11-36-00.jpg
Helmet Violation,2025-07-05_11-36-00,evidence/helmet_violation_2025-07-05_11-36-00.jpg
Helmet Violation,2025-07-05_11-36-00,evidence/helmet_violation_2025-07-05_11-36-00.jpg
Helmet Violation,2025-07-05_11-36-00,evidence/helmet_violation_2025-07-05_11-36-00.jpg
Helmet Violation,2025-07-05_11-36-00,evidence/helmet_violation_2025-07-05_11-36-00.jpg
Helmet Violation,2025-07-05_11-36-01,evidence/helmet_violation_2025-07-05_11-36-01.jpg
Helmet Violation,2025-07-05_11-36-01,evidence/helmet_violation_2025-07-05_11-36-01.jpg
Helmet Violation,2025-07-05_11-36-01,evidence/helmet_violation_2025-07-05_11-36-01.jpg
Helmet Violation,2025-07-05_11-36-01,evidence/helmet_violation_2025-07-05_11-36-01.jpg
Helmet Violation,2025-07-05_11-36-01,evidence/helmet_violation_2025-07-05_11-36-01.jpg
Helmet Violation,2025-07-05_11-36-01,evidence/helmet_violation_2025-07-05_11-36-01.jpg
Helmet Violation,2025-07-05_11-36-01,evidence/helmet_violation_2025-07-05_11-36-01.jpg
Helmet Violation,2025-07-05_11-36-01,evidence/helmet_violation_2025-07-05_11-36-01.jpg
Helmet Violation,2025-07-05_11-36-01,evidence/helmet_violation_2025-07-05_11-36-01.jpg
Helmet Violation,2025-07-05_11-36-02,evidence/helmet_violation_2025-07-05_11-36-02.jpg
Helmet Violation,2025-07-05_11-36-02,evidence/helmet_violation_2025-07-05_11-36-02.jpg
Helmet Violation,2025-07-05_11-36-02,evidence/helmet_violation_2025-07-05_11-36-02.jpg
Helmet Violation,2025-07-05_11-36-02,evidence/helmet_violation_2025-07-05_11-36-02.jpg
Helmet Violation,2025-07-05_11-36-02,evidence/helmet_violation_2025-07-05_11-36-02.jpg
Helmet Violation,2025-07-05_11-36-02,evidence/helmet_violation_2025-07-05_11-36-02.jpg
Helmet Violation,2025-07-05_11-36-02,evidence/helmet_violation_2025-07-05_11-36-02.jpg
Helmet Violation,2025-07-05_11-36-02,evidence/helmet_violation_2025-07-05_11-36-02.jpg
Helmet Violation,2025-07-05_11-36-02,evidence/helmet_violation_2025-07-05_11-36-02.jpg
Helmet Violation,2025-07-05_11-36-02,evidence/helmet_violation_2025-07-05_11-36-02.jpg
Helmet Violation,2025-07-05_11-36-03,evidence/helmet_violation_2025-07-05_11-36-03.jpg
Helmet Violation,2025-07-05_11-36-03,evidence/helmet_violation_2025-07-05_11-36-03.jpg
Helmet Violation,2025-07-05_11-36-03,evidence/helmet_violation_2025-07-05_11-36-03.jpg
Helmet Violation,2025-07-05_11-36-03,evidence/helmet_violation_2025-07-05_11-36-03.jpg
Helmet Violation,2025-07-05_11-36-03,evidence/helmet_violation_2025-07-05_11-36-03.jpg
Helmet Violation,2025-07-05_11-36-03,evidence/helmet_violation_2025-07-05_11-36-03.jpg
Helmet Violation,2025-07-05_11-36-03,evidence/helmet_violation_2025-07-05_11-36-03.jpg
Helmet Violation,2025-07-05_11-36-03,evidence/helmet_violation_2025-07-05_11-36-03.jpg
Helmet Violation,2025-07-05_11-36-04,evidence/helmet_violation_2025-07-05_11-36-04.jpg
Helmet Violation,2025-07-05_11-36-04,evidence/helmet_violation_2025-07-05_11-36-04.jpg
Helmet Violation,2025-07-05_11-36-23,evidence/helmet_violation_2025-07-05_11-36-23.jpg
Helmet Violation,2025-07-05_11-36-23,evidence/helmet_violation_2025-07-05_11-36-23.jpg
Helmet Violation,2025-07-05_11-36-24,evidence/helmet_violation_2025-07-05_11-36-24.jpg
Helmet Violation,2025-07-05_11-39-04,evidence/helmet_violation_2025-07-05_11-39-04.jpg
Helmet Violation,2025-07-05_11-39-04,evidence/helmet_violation_2025-07-05_11-39-04.jpg
Helmet Violation,2025-07-05_11-39-04,evidence/helmet_violation_2025-07-05_11-39-04.jpg
Helmet Violation,2025-07-05_11-39-05,evidence/helmet_violation_2025-07-05_11-39-05.jpg
Helmet Violation,2025-07-05_11-39-05,evidence/helmet_violation_2025-07-05_11-39-05.jpg
Helmet Violation,2025-07-05_11-39-05,evidence/helmet_violation_2025-07-05_11-39-05.jpg
Helmet Violation,2025-07-05_11-39-05,evidence/helmet_violation_2025-07-05_11-39-05.jpg
Helmet Violation,2025-07-05_11-39-05,evidence/helmet_violation_2025-07-05_11-39-05.jpg
Helmet Violation,2025-07-05_11-39-05,evidence/helmet_violation_2025-07-05_11-39-05.jpg
Helmet Violation,2025-07-05_11-39-05,evidence/helmet_violation_2025-07-05_11-39-05.jpg
Helmet Violation,2025-07-05_11-39-05,evidence/helmet_violation_2025-07-05_11-39-05.jpg
Helmet Violation,2025-07-05_11-39-05,evidence/helmet_violation_2025-07-05_11-39-05.jpg
Helmet Violation,2025-07-05_11-39-06,evidence/helmet_violation_2025-07-05_11-39-06.jpg
Helmet Violation,2025-07-05_11-39-06,evidence/helmet_violation_2025-07-05_11-39-06.jpg
Helmet Violation,2025-07-05_11-39-06,evidence/helmet_violation_2025-07-05_11-39-06.jpg
Helmet Violation,2025-07-05_11-39-06,evidence/helmet_violation_2025-07-05_11-39-06.jpg
Helmet Violation,2025-07-05_11-39-06,evidence/helmet_violation_2025-07-05_11-39-06.jpg
Helmet Violation,2025-07-05_11-39-06,evidence/helmet_violation_2025-07-05_11-39-06.jpg
Helmet Violation,2025-07-05_11-39-06,evidence/helmet_violation_2025-07-05_11-39-06.jpg
Helmet Violation,2025-07-05_11-39-06,evidence/helmet_violation_2025-07-05_11-39-06.jpg
Helmet Violation,2025-07-05_11-39-06,evidence/helmet_violation_2025-07-05_11-39-06.jpg
Helmet Violation,2025-07-05_11-39-07,evidence/helmet_violation_2025-07-05_11-39-07.jpg
Helmet Violation,2025-07-05_11-39-07,evidence/helmet_violation_2025-07-05_11-39-07.jpg
Helmet Violation,2025-07-05_11-39-07,evidence/helmet_violation_2025-07-05_11-39-07.jpg
Helmet Violation,2025-07-05_11-39-07,evidence/helmet_violation_2025-07-05_11-39-07.jpg
Helmet Violation,2025-07-05_11-39-07,evidence/helmet_violation_2025-07-05_11-39-07.jpg
Helmet Violation,2025-07-05_11-39-07,evidence/helmet_violation_2025-07-05_11-39-07.jpg
Helmet Violation,2025-07-05_11-39-07,evidence/helmet_violation_2025-07-05_11-39-07.jpg
Helmet Violation,2025-07-05_11-39-07,evidence/helmet_violation_2025-07-05_11-39-07.jpg
Helmet Violation,2025-07-05_11-39-08,evidence/helmet_violation_2025-07-05_11-39-08.jpg
Helmet Violation,2025-07-05_11-39-08,evidence/helmet_violation_2025-07-05_11-39-08.jpg
Helmet Violation,2025-07-05_11-39-08,evidence/helmet_violation_2025-07-05_11-39-08.jpg
Helmet Violation,2025-07-05_11-39-08,evidence/helmet_violation_2025-07-05_11-39-08.jpg
Helmet Violation,2025-07-05_11-39-10,evidence/helmet_violation_2025-07-05_11-39-10.jpg
Helmet Violation,2025-07-05_11-39-10,evidence/helmet_violation_2025-07-05_11-39-10.jpg
Helmet Violation,2025-07-05_11-39-10,evidence/helmet_violation_2025-07-05_11-39-10.jpg
Helmet Violation,2025-07-05_11-39-10,evidence/helmet_violation_2025-07-05_11-39-10.jpg
Helmet Violation,2025-07-05_11-39-11,evidence/helmet_violation_2025-07-05_11-39-11.jpg
Helmet Violation,2025-07-05_11-39-11,evidence/helmet_violation_2025-07-05_11-39-11.jpg
Helmet Violation,2025-07-05_11-39-11,evidence/helmet_violation_2025-07-05_11-39-11.jpg
Helmet Violation,2025-07-05_11-39-11,evidence/helmet_violation_2025-07-05_11-39-11.jpg
Helmet Violation,2025-07-05_11-39-11,evidence/helmet_violation_2025-07-05_11-39-11.jpg
Helmet Violation,2025-07-05_11-39-11,evidence/helmet_violation_2025-07-05_11-39-11.jpg
Helmet Violation,2025-07-05_11-39-11,evidence/helmet_violation_2025-07-05_11-39-11.jpg
Helmet Violation,2025-07-05_11-39-11,evidence/helmet_violation_2025-07-05_11-39-11.jpg
Helmet Violation,2025-07-05_11-39-12,evidence/helmet_violation_2025-07-05_11-39-12.jpg
Helmet Violation,2025-07-05_11-39-12,evidence/helmet_violation_2025-07-05_11-39-12.jpg
Helmet Violation,2025-07-05_11-39-12,evidence/helmet_violation_2025-07-05_11-39-12.jpg
Helmet Violation,2025-07-05_11-39-12,evidence/helmet_violation_2025-07-05_11-39-12.jpg
Helmet Violation,2025-07-05_11-39-12,evidence/helmet_violation_2025-07-05_11-39-12.jpg
Helmet Violation,2025-07-05_11-39-12,evidence/helmet_violation_2025-07-05_11-39-12.jpg
Helmet Violation,2025-07-05_11-39-12,evidence/helmet_violation_2025-07-05_11-39-12.jpg
Helmet Violation,2025-07-05_11-39-12,evidence/helmet_violation_2025-07-05_11-39-12.jpg
Helmet Violation,2025-07-05_11-39-12,evidence/helmet_violation_2025-07-05_11-39-12.jpg
Helmet Violation,2025-07-05_11-39-13,evidence/helmet_violation_2025-07-05_11-39-13.jpg
Helmet Violation,2025-07-05_11-39-13,evidence/helmet_violation_2025-07-05_11-39-13.jpg
Helmet Violation,2025-07-05_11-39-13,evidence/helmet_violation_2025-07-05_11-39-13.jpg
Helmet Violation,2025-07-05_11-39-13,evidence/helmet_violation_2025-07-05_11-39-13.jpg
Helmet Violation,2025-07-05_11-39-13,evidence/helmet_violation_2025-07-05_11-39-13.jpg
Helmet Violation,2025-07-05_11-39-13,evidence/helmet_violation_2025-07-05_11-39-13.jpg
Helmet Violation,2025-07-05_11-39-13,evidence/helmet_violation_2025-07-05_11-39-13.jpg
Helmet Violation,2025-07-05_11-39-13,evidence/helmet_violation_2025-07-05_11-39-13.jpg
Helmet Violation,2025-07-05_11-39-13,evidence/helmet_violation_2025-07-05_11-39-13.jpg
Helmet Violation,2025-07-05_11-39-13,evidence/helmet_violation_2025-07-05_11-39-13.jpg
Helmet Violation,2025-07-05_11-39-13,evidence/helmet_violation_2025-07-05_11-39-13.jpg
Helmet Violation,2025-07-05_11-39-14,evidence/helmet_violation_2025-07-05_11-39-14.jpg
Helmet Violation,2025-07-05_11-39-14,evidence/helmet_violation_2025-07-05_11-39-14.jpg
Helmet Violation,2025-07-05_11-39-14,evidence/helmet_violation_2025-07-05_11-39-14.jpg
Helmet Violation,2025-07-05_11-39-14,evidence/helmet_violation_2025-07-05_11-39-14.jpg
Helmet Violation,2025-07-05_11-39-14,evidence/helmet_violation_2025-07-05_11-39-14.jpg
Helmet Violation,2025-07-05_11-39-14,evidence/helmet_violation_2025-07-05_11-39-14.jpg
Helmet Violation,2025-07-05_11-39-14,evidence/helmet_violation_2025-07-05_11-39-14.jpg
Helmet Violation,2025-07-05_11-39-14,evidence/helmet_violation_2025-07-05_11-39-14.jpg
Helmet Violation,2025-07-05_11-39-14,evidence/helmet_violation_2025-07-05_11-39-14.jpg
Helmet Violation,2025-07-05_11-39-14,evidence/helmet_violation_2025-07-05_11-39-14.jpg
Helmet Violation,2025-07-05_11-39-15,evidence/helmet_violation_2025-07-05_11-39-15.jpg
Helmet Violation,2025-07-05_11-39-15,evidence/helmet_violation_2025-07-05_11-39-15.jpg
Helmet Violation,2025-07-05_11-39-15,evidence/helmet_violation_2025-07-05_11-39-15.jpg
Helmet Violation,2025-07-05_11-39-15,evidence/helmet_violation_2025-07-05_11-39-15.jpg
Helmet Violation,2025-07-05_11-39-15,evidence/helmet_violation_2025-07-05_11-39-15.jpg
Helmet Violation,2025-07-05_11-39-15,evidence/helmet_violation_2025-07-05_11-39-15.jpg
Helmet Violation,2025-07-05_11-39-15,evidence/helmet_violation_2025-07-05_11-39-15.jpg
Helmet Violation,2025-07-05_11-39-15,evidence/helmet_violation_2025-07-05_11-39-15.jpg
Helmet Violation,2025-07-05_11-39-15,evidence/helmet_violation_2025-07-05_11-39-15.jpg
Helmet Violation,2025-07-05_11-39-15,evidence/helmet_violation_2025-07-05_11-39-15.jpg
Helmet Violation,2025-07-05_11-39-16,evidence/helmet_violation_2025-07-05_11-39-16.jpg
Helmet Violation,2025-07-05_11-39-16,evidence/helmet_violation_2025-07-05_11-39-16.jpg
Helmet Violation,2025-07-05_11-39-16,evidence/helmet_violation_2025-07-05_11-39-16.jpg
Helmet Violation,2025-07-05_11-39-16,evidence/helmet_violation_2025-07-05_11-39-16.jpg
Helmet Violation,2025-07-05_11-39-16,evidence/helmet_violation_2025-07-05_11-39-16.jpg
Helmet Violation,2025-07-05_11-39-16,evidence/helmet_violation_2025-07-05_11-39-16.jpg
Helmet Violation,2025-07-05_11-39-16,evidence/helmet_violation_2025-07-05_11-39-16.jpg
Helmet Violation,2025-07-05_11-39-16,evidence/helmet_violation_2025-07-05_11-39-16.jpg
Helmet Violation,2025-07-05_11-39-28,evidence/helmet_violation_2025-07-05_11-39-28.jpg
Helmet Violation,2025-07-05_11-39-28,evidence/helmet_violation_2025-07-05_11-39-28.jpg
Helmet Violation,2025-07-05_11-39-28,evidence/helmet_violation_2025-07-05_11-39-28.jpg
Helmet Violation,2025-07-05_11-39-28,evidence/helmet_violation_2025-07-05_11-39-28.jpg
Helmet Violation,2025-07-05_11-39-29,evidence/helmet_violation_2025-07-05_11-39-29.jpg
Helmet Violation,2025-07-05_11-39-29,evidence/helmet_violation_2025-07-05_11-39-29.jpg
Helmet Violation,2025-07-05_11-39-30,evidence/helmet_violation_2025-07-05_11-39-30.jpg
Helmet Violation,2025-07-05_11-39-30,evidence/helmet_violation_2025-07-05_11-39-30.jpg
Helmet Violation,2025-07-05_11-39-30,evidence/helmet_violation_2025-07-05_11-39-30.jpg
Helmet Violation,2025-07-05_11-39-30,evidence/helmet_violation_2025-07-05_11-39-30.jpg
Helmet Violation,2025-07-05_11-39-30,evidence/helmet_violation_2025-07-05_11-39-30.jpg
Helmet Violation,2025-07-05_11-39-30,evidence/helmet_violation_2025-07-05_11-39-30.jpg
Helmet Violation,2025-07-05_11-39-30,evidence/helmet_violation_2025-07-05_11-39-30.jpg
Helmet Violation,2025-07-05_11-39-31,evidence/helmet_violation_2025-07-05_11-39-31.jpg
Helmet Violation,2025-07-05_11-39-31,evidence/helmet_violation_2025-07-05_11-39-31.jpg
Helmet Violation,2025-07-05_11-39-31,evidence/helmet_violation_2025-07-05_11-39-31.jpg
Helmet Violation,2025-07-05_11-39-32,evidence/helmet_violation_2025-07-05_11-39-32.jpg
Helmet Violation,2025-07-05_11-39-32,evidence/helmet_violation_2025-07-05_11-39-32.jpg
Helmet Violation,2025-07-05_11-39-32,evidence/helmet_violation_2025-07-05_11-39-32.jpg
Helmet Violation,2025-07-05_11-39-32,evidence/helmet_violation_2025-07-05_11-39-32.jpg
Helmet Violation,2025-07-05_11-39-32,evidence/helmet_violation_2025-07-05_11-39-32.jpg
Helmet Violation,2025-07-05_11-39-32,evidence/helmet_violation_2025-07-05_11-39-32.jpg
Helmet Violation,2025-07-05_11-39-32,evidence/helmet_violation_2025-07-05_11-39-32.jpg
Helmet Violation,2025-07-05_11-39-35,evidence/helmet_violation_2025-07-05_11-39-35.jpg
Helmet Violation,2025-07-05_11-39-35,evidence/helmet_violation_2025-07-05_11-39-35.jpg
Helmet Violation,2025-07-05_13-17-07,evidence/helmet_violation_2025-07-05_13-17-07.jpg
Helmet Violation,2025-07-05_13-17-07,evidence/helmet_violation_2025-07-05_13-17-07.jpg
Helmet Violation,2025-07-05_13-17-07,evidence/helmet_violation_2025-07-05_13-17-07.jpg
Helmet Violation,2025-07-05_13-17-07,evidence/helmet_violation_2025-07-05_13-17-07.jpg
Helmet Violation,2025-07-05_13-17-07,evidence/helmet_violation_2025-07-05_13-17-07.jpg
Helmet Violation,2025-07-05_13-17-07,evidence/helmet_violation_2025-07-05_13-17-07.jpg
Helmet Violation,2025-07-05_13-17-08,evidence/helmet_violation_2025-07-05_13-17-08.jpg
Helmet Violation,2025-07-05_13-17-08,evidence/helmet_violation_2025-07-05_13-17-08.jpg
Helmet Violation,2025-07-05_13-17-08,evidence/helmet_violation_2025-07-05_13-17-08.jpg
Helmet Violation,2025-07-05_13-17-08,evidence/helmet_violation_2025-07-05_13-17-08.jpg
Helmet Violation,2025-07-05_13-17-08,evidence/helmet_violation_2025-07-05_13-17-08.jpg
Helmet Violation,2025-07-05_13-17-08,evidence/helmet_violation_2025-07-05_13-17-08.jpg
Helmet Violation,2025-07-05_13-17-08,evidence/helmet_violation_2025-07-05_13-17-08.jpg
Helmet Violation,2025-07-05_13-17-08,evidence/helmet_violation_2025-07-05_13-17-08.jpg
Helmet Violation,2025-07-05_13-17-08,evidence/helmet_violation_2025-07-05_13-17-08.jpg
Helmet Violation,2025-07-05_13-17-08,evidence/helmet_violation_2025-07-05_13-17-08.jpg
Helmet Violation,2025-07-05_13-17-08,evidence/helmet_violation_2025-07-05_13-17-08.jpg
Helmet Violation,2025-07-05_13-17-09,evidence/helmet_violation_2025-07-05_13-17-09.jpg
Helmet Violation,2025-07-05_13-17-09,evidence/helmet_violation_2025-07-05_13-17-09.jpg
Helmet Violation,2025-07-05_13-17-09,evidence/helmet_violation_2025-07-05_13-17-09.jpg
Helmet Violation,2025-07-05_13-17-09,evidence/helmet_violation_2025-07-05_13-17-09.jpg
Helmet Violation,2025-07-05_13-17-09,evidence/helmet_violation_2025-07-05_13-17-09.jpg
Helmet Violation,2025-07-05_13-17-09,evidence/helmet_violation_2025-07-05_13-17-09.jpg
Helmet Violation,2025-07-05_13-17-09,evidence/helmet_violation_2025-07-05_13-17-09.jpg
Helmet Violation,2025-07-05_13-17-09,evidence/helmet_violation_2025-07-05_13-17-09.jpg
Helmet Violation,2025-07-05_13-17-09,evidence/helmet_violation_2025-07-05_13-17-09.jpg
Helmet Violation,2025-07-05_13-17-09,evidence/helmet_violation_2025-07-05_13-17-09.jpg
Helmet Violation,2025-07-05_13-17-09,evidence/helmet_violation_2025-07-05_13-17-09.jpg
Helmet Violation,2025-07-05_13-17-10,evidence/helmet_violation_2025-07-05_13-17-10.jpg
Helmet Violation,2025-07-05_13-17-10,evidence/helmet_violation_2025-07-05_13-17-10.jpg
Helmet Violation,2025-07-05_13-17-10,evidence/helmet_violation_2025-07-05_13-17-10.jpg
Helmet Violation,2025-07-05_13-17-10,evidence/helmet_violation_2025-07-05_13-17-10.jpg
Helmet Violation,2025-07-05_13-17-10,evidence/helmet_violation_2025-07-05_13-17-10.jpg
Helmet Violation,2025-07-05_13-17-12,evidence/helmet_violation_2025-07-05_13-17-12.jpg
Helmet Violation,2025-07-05_13-17-12,evidence/helmet_violation_2025-07-05_13-17-12.jpg
Helmet Violation,2025-07-05_13-17-12,evidence/helmet_violation_2025-07-05_13-17-12.jpg
Helmet Violation,2025-07-05_13-17-12,evidence/helmet_violation_2025-07-05_13-17-12.jpg
Helmet Violation,2025-07-05_13-17-13,evidence/helmet_violation_2025-07-05_13-17-13.jpg
Helmet Violation,2025-07-05_13-17-13,evidence/helmet_violation_2025-07-05_13-17-13.jpg
Helmet Violation,2025-07-05_13-17-13,evidence/helmet_violation_2025-07-05_13-17-13.jpg
Helmet Violation,2025-07-05_13-17-13,evidence/helmet_violation_2025-07-05_13-17-13.jpg
Helmet Violation,2025-07-05_13-17-13,evidence/helmet_violation_2025-07-05_13-17-13.jpg
Helmet Violation,2025-07-05_13-17-13,evidence/helmet_violation_2025-07-05_13-17-13.jpg
Helmet Violation,2025-07-05_13-17-13,evidence/helmet_violation_2025-07-05_13-17-13.jpg
Helmet Violation,2025-07-05_13-17-13,evidence/helmet_violation_2025-07-05_13-17-13.jpg
Helmet Violation,2025-07-05_13-17-14,evidence/helmet_violation_2025-07-05_13-17-14.jpg
Helmet Violation,2025-07-05_13-17-14,evidence/helmet_violation_2025-07-05_13-17-14.jpg
Helmet Violation,2025-07-05_13-17-14,evidence/helmet_violation_2025-07-05_13-17-14.jpg
Helmet Violation,2025-07-05_13-17-14,evidence/helmet_violation_2025-07-05_13-17-14.jpg
Helmet Violation,2025-07-05_13-17-14,evidence/helmet_violation_2025-07-05_13-17-14.jpg
Helmet Violation,2025-07-05_13-17-14,evidence/helmet_violation_2025-07-05_13-17-14.jpg
Helmet Violation,2025-07-05_13-17-14,evidence/helmet_violation_2025-07-05_13-17-14.jpg
Helmet Violation,2025-07-05_13-17-14,evidence/helmet_violation_2025-07-05_13-17-14.jpg
Helmet Violation,2025-07-05_13-17-14,evidence/helmet_violation_2025-07-05_13-17-14.jpg
Helmet Violation,2025-07-05_13-17-14,evidence/helmet_violation_2025-07-05_13-17-14.jpg
Helmet Violation,2025-07-05_13-17-14,evidence/helmet_violation_2025-07-05_13-17-14.jpg
Helmet Violation,2025-07-05_13-17-14,evidence/helmet_violation_2025-07-05_13-17-14.jpg
Helmet Violation,2025-07-05_13-17-14,evidence/helmet_violation_2025-07-05_13-17-14.jpg
Helmet Violation,2025-07-05_13-17-14,evidence/helmet_violation_2025-07-05_13-17-14.jpg
Helmet Violation,2025-07-05_13-17-15,evidence/helmet_violation_2025-07-05_13-17-15.jpg
Helmet Violation,2025-07-05_13-17-15,evidence/helmet_violation_2025-07-05_13-17-15.jpg
Helmet Violation,2025-07-05_13-17-15,evidence/helmet_violation_2025-07-05_13-17-15.jpg
Helmet Violation,2025-07-05_13-17-15,evidence/helmet_violation_2025-07-05_13-17-15.jpg
Helmet Violation,2025-07-05_13-17-15,evidence/helmet_violation_2025-07-05_13-17-15.jpg
Helmet Violation,2025-07-05_13-17-15,evidence/helmet_violation_2025-07-05_13-17-15.jpg
Helmet Violation,2025-07-05_13-17-15,evidence/helmet_violation_2025-07-05_13-17-15.jpg
Helmet Violation,2025-07-05_13-17-15,evidence/helmet_violation_2025-07-05_13-17-15.jpg
Helmet Violation,2025-07-05_13-17-15,evidence/helmet_violation_2025-07-05_13-17-15.jpg
Helmet Violation,2025-07-05_13-17-15,evidence/helmet_violation_2025-07-05_13-17-15.jpg
Helmet Violation,2025-07-05_13-17-15,evidence/helmet_violation_2025-07-05_13-17-15.jpg
Helmet Violation,2025-07-05_13-17-15,evidence/helmet_violation_2025-07-05_13-17-15.jpg
Helmet Violation,2025-07-05_13-17-15,evidence/helmet_violation_2025-07-05_13-17-15.jpg
Helmet Violation,2025-07-05_13-17-15,evidence/helmet_violation_2025-07-05_13-17-15.jpg
Helmet Violation,2025-07-05_13-17-16,evidence/helmet_violation_2025-07-05_13-17-16.jpg
Helmet Violation,2025-07-05_13-17-16,evidence/helmet_violation_2025-07-05_13-17-16.jpg
Helmet Violation,2025-07-05_13-17-16,evidence/helmet_violation_2025-07-05_13-17-16.jpg
Helmet Violation,2025-07-05_13-17-16,evidence/helmet_violation_2025-07-05_13-17-16.jpg
Helmet Violation,2025-07-05_13-17-16,evidence/helmet_violation_2025-07-05_13-17-16.jpg
Helmet Violation,2025-07-05_13-17-16,evidence/helmet_violation_2025-07-05_13-17-16.jpg
Helmet Violation,2025-07-05_13-17-16,evidence/helmet_violation_2025-07-05_13-17-16.jpg
Helmet Violation,2025-07-05_13-17-16,evidence/helmet_violation_2025-07-05_13-17-16.jpg
Helmet Violation,2025-07-05_13-17-16,evidence/helmet_violation_2025-07-05_13-17-16.jpg
Helmet Violation,2025-07-05_13-17-16,evidence/helmet_violation_2025-07-05_13-17-16.jpg
Helmet Violation,2025-07-05_13-17-16,evidence/helmet_violation_2025-07-05_13-17-16.jpg
Helmet Violation,2025-07-05_13-17-16,evidence/helmet_violation_2025-07-05_13-17-16.jpg
Helmet Violation,2025-07-05_13-17-17,evidence/helmet_violation_2025-07-05_13-17-17.jpg
Helmet Violation,2025-07-05_13-17-17,evidence/helmet_violation_2025-07-05_13-17-17.jpg
Helmet Violation,2025-07-05_13-17-17,evidence/helmet_violation_2025-07-05_13-17-17.jpg
Helmet Violation,2025-07-05_13-17-17,evidence/helmet_violation_2025-07-05_13-17-17.jpg
Helmet Violation,2025-07-05_13-17-17,evidence/helmet_violation_2025-07-05_13-17-17.jpg
Helmet Violation,2025-07-05_13-17-17,evidence/helmet_violation_2025-07-05_13-17-17.jpg
Helmet Violation,2025-07-05_13-17-17,evidence/helmet_violation_2025-07-05_13-17-17.jpg
Helmet Violation,2025-07-05_13-17-17,evidence/helmet_violation_2025-07-05_13-17-17.jpg
Helmet Violation,2025-07-05_13-17-28,evidence/helmet_violation_2025-07-05_13-17-28.jpg
Helmet Violation,2025-07-05_13-17-28,evidence/helmet_violation_2025-07-05_13-17-28.jpg
Helmet Violation,2025-07-05_13-17-28,evidence/helmet_violation_2025-07-05_13-17-28.jpg
Helmet Violation,2025-07-05_13-17-28,evidence/helmet_violation_2025-07-05_13-17-28.jpg
Helmet Violation,2025-07-05_13-17-29,evidence/helmet_violation_2025-07-05_13-17-29.jpg
Helmet Violation,2025-07-05_13-17-29,evidence/helmet_violation_2025-07-05_13-17-29.jpg
Helmet Violation,2025-07-05_13-17-29,evidence/helmet_violation_2025-07-05_13-17-29.jpg
Helmet Violation,2025-07-05_13-17-30,evidence/helmet_violation_2025-07-05_13-17-30.jpg
Helmet Violation,2025-07-05_13-17-30,evidence/helmet_violation_2025-07-05_13-17-30.jpg
Helmet Violation,2025-07-05_13-17-30,evidence/helmet_violation_2025-07-05_13-17-30.jpg
Helmet Violation,2025-07-05_13-17-30,evidence/helmet_violation_2025-07-05_13-17-30.jpg
Helmet Violation,2025-07-05_13-17-30,evidence/helmet_violation_2025-07-05_13-17-30.jpg
Helmet Violation,2025-07-05_13-17-30,evidence/helmet_violation_2025-07-05_13-17-30.jpg
Helmet Violation,2025-07-05_13-17-30,evidence/helmet_violation_2025-07-05_13-17-30.jpg
Helmet Violation,2025-07-05_13-17-30,evidence/helmet_violation_2025-07-05_13-17-30.jpg
Helmet Violation,2025-07-05_13-17-31,evidence/helmet_violation_2025-07-05_13-17-31.jpg
Helmet Violation,2025-07-05_13-17-31,evidence/helmet_violation_2025-07-05_13-17-31.jpg
Helmet Violation,2025-07-05_13-17-31,evidence/helmet_violation_2025-07-05_13-17-31.jpg
Helmet Violation,2025-07-05_13-17-31,evidence/helmet_violation_2025-07-05_13-17-31.jpg
Helmet Violation,2025-07-05_13-17-32,evidence/helmet_violation_2025-07-05_13-17-32.jpg
Helmet Violation,2025-07-05_13-17-32,evidence/helmet_violation_2025-07-05_13-17-32.jpg
Helmet Violation,2025-07-05_13-17-32,evidence/helmet_violation_2025-07-05_13-17-32.jpg
Helmet Violation,2025-07-05_13-17-32,evidence/helmet_violation_2025-07-05_13-17-32.jpg
Helmet Violation,2025-07-05_13-17-34,evidence/helmet_violation_2025-07-05_13-17-34.jpg
Helmet Violation,2025-07-05_13-17-34,evidence/helmet_violation_2025-07-05_13-17-34.jpg
Helmet Violation,2025-07-05_13-20-34,evidence/helmet_violation_2025-07-05_13-20-34.jpg
Helmet Violation,2025-07-05_13-20-34,evidence/helmet_violation_2025-07-05_13-20-34.jpg
Helmet Violation,2025-07-05_13-20-35,evidence/helmet_violation_2025-07-05_13-20-35.jpg
Helmet Violation,2025-07-05_13-20-35,evidence/helmet_violation_2025-07-05_13-20-35.jpg
Helmet Violation,2025-07-05_13-20-35,evidence/helmet_violation_2025-07-05_13-20-35.jpg
Helmet Violation,2025-07-05_13-20-35,evidence/helmet_violation_2025-07-05_13-20-35.jpg
Helmet Violation,2025-07-05_13-20-35,evidence/helmet_violation_2025-07-05_13-20-35.jpg
Helmet Violation,2025-07-05_13-20-35,evidence/helmet_violation_2025-07-05_13-20-35.jpg
Helmet Violation,2025-07-05_13-20-35,evidence/helmet_violation_2025-07-05_13-20-35.jpg
Helmet Violation,2025-07-05_13-20-35,evidence/helmet_violation_2025-07-05_13-20-35.jpg
Helmet Violation,2025-07-05_13-20-35,evidence/helmet_violation_2025-07-05_13-20-35.jpg
Helmet Violation,2025-07-05_13-20-35,evidence/helmet_violation_2025-07-05_13-20-35.jpg
Helmet Violation,2025-07-05_13-20-35,evidence/helmet_violation_2025-07-05_13-20-35.jpg
Helmet Violation,2025-07-05_13-20-35,evidence/helmet_violation_2025-07-05_13-20-35.jpg
Helmet Violation,2025-07-05_13-20-36,evidence/helmet_violation_2025-07-05_13-20-36.jpg
Helmet Violation,2025-07-05_13-20-36,evidence/helmet_violation_2025-07-05_13-20-36.jpg
Helmet Violation,2025-07-05_13-20-36,evidence/helmet_violation_2025-07-05_13-20-36.jpg
Helmet Violation,2025-07-05_13-20-36,evidence/helmet_violation_2025-07-05_13-20-36.jpg
Helmet Violation,2025-07-05_13-20-36,evidence/helmet_violation_2025-07-05_13-20-36.jpg
Helmet Violation,2025-07-05_13-20-36,evidence/helmet_violation_2025-07-05_13-20-36.jpg
Helmet Violation,2025-07-05_13-20-36,evidence/helmet_violation_2025-07-05_13-20-36.jpg
Helmet Violation,2025-07-05_13-20-36,evidence/helmet_violation_2025-07-05_13-20-36.jpg
Helmet Violation,2025-07-05_13-20-36,evidence/helmet_violation_2025-07-05_13-20-36.jpg
Helmet Violation,2025-07-05_13-20-36,evidence/helmet_violation_2025-07-05_13-20-36.jpg
Helmet Violation,2025-07-05_13-20-36,evidence/helmet_violation_2025-07-05_13-20-36.jpg
Helmet Violation,2025-07-05_13-20-36,evidence/helmet_violation_2025-07-05_13-20-36.jpg
Helmet Violation,2025-07-05_13-20-37,evidence/helmet_violation_2025-07-05_13-20-37.jpg
Helmet Violation,2025-07-05_13-20-37,evidence/helmet_violation_2025-07-05_13-20-37.jpg
Helmet Violation,2025-07-05_13-20-37,evidence/helmet_violation_2025-07-05_13-20-37.jpg
Helmet Violation,2025-07-05_13-20-37,evidence/helmet_violation_2025-07-05_13-20-37.jpg
Helmet Violation,2025-07-05_13-20-37,evidence/helmet_violation_2025-07-05_13-20-37.jpg
Helmet Violation,2025-07-05_13-20-37,evidence/helmet_violation_2025-07-05_13-20-37.jpg
Helmet Violation,2025-07-05_13-20-37,evidence/helmet_violation_2025-07-05_13-20-37.jpg
Helmet Violation,2025-07-05_13-20-39,evidence/helmet_violation_2025-07-05_13-20-39.jpg
Helmet Violation,2025-07-05_13-20-39,evidence/helmet_violation_2025-07-05_13-20-39.jpg
Helmet Violation,2025-07-05_13-20-39,evidence/helmet_violation_2025-07-05_13-20-39.jpg
Helmet Violation,2025-07-05_13-20-39,evidence/helmet_violation_2025-07-05_13-20-39.jpg
Helmet Violation,2025-07-05_13-20-39,evidence/helmet_violation_2025-07-05_13-20-39.jpg
Helmet Violation,2025-07-05_13-20-40,evidence/helmet_violation_2025-07-05_13-20-40.jpg
Helmet Violation,2025-07-05_13-20-40,evidence/helmet_violation_2025-07-05_13-20-40.jpg
Helmet Violation,2025-07-05_13-20-40,evidence/helmet_violation_2025-07-05_13-20-40.jpg
Helmet Violation,2025-07-05_13-20-40,evidence/helmet_violation_2025-07-05_13-20-40.jpg
Helmet Violation,2025-07-05_13-20-40,evidence/helmet_violation_2025-07-05_13-20-40.jpg
Helmet Violation,2025-07-05_13-20-40,evidence/helmet_violation_2025-07-05_13-20-40.jpg
Helmet Violation,2025-07-05_13-20-40,evidence/helmet_violation_2025-07-05_13-20-40.jpg
Helmet Violation,2025-07-05_13-20-40,evidence/helmet_violation_2025-07-05_13-20-40.jpg
Helmet Violation,2025-07-05_13-20-40,evidence/helmet_violation_2025-07-05_13-20-40.jpg
Helmet Violation,2025-07-05_13-20-41,evidence/helmet_violation_2025-07-05_13-20-41.jpg
Helmet Violation,2025-07-05_13-20-41,evidence/helmet_violation_2025-07-05_13-20-41.jpg
Helmet Violation,2025-07-05_13-20-41,evidence/helmet_violation_2025-07-05_13-20-41.jpg
Helmet Violation,2025-07-05_13-20-41,evidence/helmet_violation_2025-07-05_13-20-41.jpg
Helmet Violation,2025-07-05_13-20-41,evidence/helmet_violation_2025-07-05_13-20-41.jpg
Helmet Violation,2025-07-05_13-20-41,evidence/helmet_violation_2025-07-05_13-20-41.jpg
Helmet Violation,2025-07-05_13-20-41,evidence/helmet_violation_2025-07-05_13-20-41.jpg
Helmet Violation,2025-07-05_13-20-41,evidence/helmet_violation_2025-07-05_13-20-41.jpg
Helmet Violation,2025-07-05_13-20-41,evidence/helmet_violation_2025-07-05_13-20-41.jpg
Helmet Violation,2025-07-05_13-20-41,evidence/helmet_violation_2025-07-05_13-20-41.jpg
Helmet Violation,2025-07-05_13-20-41,evidence/helmet_violation_2025-07-05_13-20-41.jpg
Helmet Violation,2025-07-05_13-20-41,evidence/helmet_violation_2025-07-05_13-20-41.jpg
Helmet Violation,2025-07-05_13-20-41,evidence/helmet_violation_2025-07-05_13-20-41.jpg
Helmet Violation,2025-07-05_13-20-41,evidence/helmet_violation_2025-07-05_13-20-41.jpg
Helmet Violation,2025-07-05_13-20-41,evidence/helmet_violation_2025-07-05_13-20-41.jpg
Helmet Violation,2025-07-05_13-20-41,evidence/helmet_violation_2025-07-05_13-20-41.jpg
Helmet Violation,2025-07-05_13-20-41,evidence/helmet_violation_2025-07-05_13-20-41.jpg
Helmet Violation,2025-07-05_13-20-41,evidence/helmet_violation_2025-07-05_13-20-41.jpg
Helmet Violation,2025-07-05_13-20-42,evidence/helmet_violation_2025-07-05_13-20-42.jpg
Helmet Violation,2025-07-05_13-20-42,evidence/helmet_violation_2025-07-05_13-20-42.jpg
Helmet Violation,2025-07-05_13-20-42,evidence/helmet_violation_2025-07-05_13-20-42.jpg
Helmet Violation,2025-07-05_13-20-42,evidence/helmet_violation_2025-07-05_13-20-42.jpg
Helmet Violation,2025-07-05_13-20-42,evidence/helmet_violation_2025-07-05_13-20-42.jpg
Helmet Violation,2025-07-05_13-20-42,evidence/helmet_violation_2025-07-05_13-20-42.jpg
Helmet Violation,2025-07-05_13-20-42,evidence/helmet_violation_2025-07-05_13-20-42.jpg
Helmet Violation,2025-07-05_13-20-42,evidence/helmet_violation_2025-07-05_13-20-42.jpg
Helmet Violation,2025-07-05_13-20-42,evidence/helmet_violation_2025-07-05_13-20-42.jpg
Helmet Violation,2025-07-05_13-20-42,evidence/helmet_violation_2025-07-05_13-20-42.jpg
Helmet Violation,2025-07-05_13-20-42,evidence/helmet_violation_2025-07-05_13-20-42.jpg
Helmet Violation,2025-07-05_13-20-42,evidence/helmet_violation_2025-07-05_13-20-42.jpg
Helmet Violation,2025-07-05_13-20-42,evidence/helmet_violation_2025-07-05_13-20-42.jpg
Helmet Violation,2025-07-05_13-20-42,evidence/helmet_violation_2025-07-05_13-20-42.jpg
Helmet Violation,2025-07-05_13-20-43,evidence/helmet_violation_2025-07-05_13-20-43.jpg
Helmet Violation,2025-07-05_13-20-43,evidence/helmet_violation_2025-07-05_13-20-43.jpg
Helmet Violation,2025-07-05_13-20-43,evidence/helmet_violation_2025-07-05_13-20-43.jpg
Helmet Violation,2025-07-05_13-20-43,evidence/helmet_violation_2025-07-05_13-20-43.jpg
Helmet Violation,2025-07-05_13-20-43,evidence/helmet_violation_2025-07-05_13-20-43.jpg
Helmet Violation,2025-07-05_13-20-43,evidence/helmet_violation_2025-07-05_13-20-43.jpg
Helmet Violation,2025-07-05_13-20-43,evidence/helmet_violation_2025-07-05_13-20-43.jpg
Helmet Violation,2025-07-05_13-20-43,evidence/helmet_violation_2025-07-05_13-20-43.jpg
Helmet Violation,2025-07-05_13-20-43,evidence/helmet_violation_2025-07-05_13-20-43.jpg
Helmet Violation,2025-07-05_13-20-43,evidence/helmet_violation_2025-07-05_13-20-43.jpg
Helmet Violation,2025-07-05_13-20-43,evidence/helmet_violation_2025-07-05_13-20-43.jpg
Helmet Violation,2025-07-05_13-20-43,evidence/helmet_violation_2025-07-05_13-20-43.jpg
Helmet Violation,2025-07-05_13-20-44,evidence/helmet_violation_2025-07-05_13-20-44.jpg
Helmet Violation,2025-07-05_13-20-44,evidence/helmet_violation_2025-07-05_13-20-44.jpg
Helmet Violation,2025-07-05_13-20-53,evidence/helmet_violation_2025-07-05_13-20-53.jpg
Helmet Violation,2025-07-05_13-20-53,evidence/helmet_violation_2025-07-05_13-20-53.jpg
Helmet Violation,2025-07-05_13-20-53,evidence/helmet_violation_2025-07-05_13-20-53.jpg
Helmet Violation,2025-07-05_13-20-53,evidence/helmet_violation_2025-07-05_13-20-53.jpg
Helmet Violation,2025-07-05_13-20-54,evidence/helmet_violation_2025-07-05_13-20-54.jpg
Helmet Violation,2025-07-05_13-20-54,evidence/helmet_violation_2025-07-05_13-20-54.jpg
Helmet Violation,2025-07-05_13-20-54,evidence/helmet_violation_2025-07-05_13-20-54.jpg
Helmet Violation,2025-07-05_13-20-54,evidence/helmet_violation_2025-07-05_13-20-54.jpg
Helmet Violation,2025-07-05_13-20-55,evidence/helmet_violation_2025-07-05_13-20-55.jpg
Helmet Violation,2025-07-05_13-20-55,evidence/helmet_violation_2025-07-05_13-20-55.jpg
Helmet Violation,2025-07-05_13-20-55,evidence/helmet_violation_2025-07-05_13-20-55.jpg
Helmet Violation,2025-07-05_13-20-55,evidence/helmet_violation_2025-07-05_13-20-55.jpg
Helmet Violation,2025-07-05_13-20-55,evidence/helmet_violation_2025-07-05_13-20-55.jpg
Helmet Violation,2025-07-05_13-20-55,evidence/helmet_violation_2025-07-05_13-20-55.jpg
Helmet Violation,2025-07-05_13-20-55,evidence/helmet_violation_2025-07-05_13-20-55.jpg
Helmet Violation,2025-07-05_13-20-55,evidence/helmet_violation_2025-07-05_13-20-55.jpg
Helmet Violation,2025-07-05_13-20-56,evidence/helmet_violation_2025-07-05_13-20-56.jpg
Helmet Violation,2025-07-05_13-20-56,evidence/helmet_violation_2025-07-05_13-20-56.jpg
Helmet Violation,2025-07-05_13-20-56,evidence/helmet_violation_2025-07-05_13-20-56.jpg
Helmet Violation,2025-07-05_13-20-56,evidence/helmet_violation_2025-07-05_13-20-56.jpg
Helmet Violation,2025-07-05_13-20-56,evidence/helmet_violation_2025-07-05_13-20-56.jpg
Helmet Violation,2025-07-05_13-20-56,evidence/helmet_violation_2025-07-05_13-20-56.jpg
Helmet Violation,2025-07-05_13-20-56,evidence/helmet_violation_2025-07-05_13-20-56.jpg
Helmet Violation,2025-07-05_13-20-59,evidence/helmet_violation_2025-07-05_13-20-59.jpg
Helmet Violation,2025-07-05_13-20-59,evidence/helmet_violation_2025-07-05_13-20-59.jpg
Helmet Violation,2025-07-05_13-27-51,evidence/helmet_violation_2025-07-05_13-27-51.jpg
Helmet Violation,2025-07-05_13-27-51,evidence/helmet_violation_2025-07-05_13-27-51.jpg
Helmet Violation,2025-07-05_13-27-51,evidence/helmet_violation_2025-07-05_13-27-51.jpg
Helmet Violation,2025-07-05_13-27-51,evidence/helmet_violation_2025-07-05_13-27-51.jpg
Helmet Violation,2025-07-05_13-27-51,evidence/helmet_violation_2025-07-05_13-27-51.jpg
Helmet Violation,2025-07-05_13-27-51,evidence/helmet_violation_2025-07-05_13-27-51.jpg
Helmet Violation,2025-07-05_13-27-51,evidence/helmet_violation_2025-07-05_13-27-51.jpg
Helmet Violation,2025-07-05_13-27-51,evidence/helmet_violation_2025-07-05_13-27-51.jpg
Helmet Violation,2025-07-05_13-27-52,evidence/helmet_violation_2025-07-05_13-27-52.jpg
Helmet Violation,2025-07-05_13-27-52,evidence/helmet_violation_2025-07-05_13-27-52.jpg
Helmet Violation,2025-07-05_13-27-52,evidence/helmet_violation_2025-07-05_13-27-52.jpg
Helmet Violation,2025-07-05_13-27-52,evidence/helmet_violation_2025-07-05_13-27-52.jpg
Helmet Violation,2025-07-05_13-27-52,evidence/helmet_violation_2025-07-05_13-27-52.jpg
Helmet Violation,2025-07-05_13-27-52,evidence/helmet_violation_2025-07-05_13-27-52.jpg
Helmet Violation,2025-07-05_13-27-52,evidence/helmet_violation_2025-07-05_13-27-52.jpg
Helmet Violation,2025-07-05_13-27-52,evidence/helmet_violation_2025-07-05_13-27-52.jpg
Helmet Violation,2025-07-05_13-27-52,evidence/helmet_violation_2025-07-05_13-27-52.jpg
Helmet Violation,2025-07-05_13-27-52,evidence/helmet_violation_2025-07-05_13-27-52.jpg
Helmet Violation,2025-07-05_13-27-52,evidence/helmet_violation_2025-07-05_13-27-52.jpg
Helmet Violation,2025-07-05_13-27-52,evidence/helmet_violation_2025-07-05_13-27-52.jpg
Helmet Violation,2025-07-05_13-27-52,evidence/helmet_violation_2025-07-05_13-27-52.jpg
Helmet Violation,2025-07-05_13-27-53,evidence/helmet_violation_2025-07-05_13-27-53.jpg
Helmet Violation,2025-07-05_13-27-53,evidence/helmet_violation_2025-07-05_13-27-53.jpg
Helmet Violation,2025-07-05_13-27-53,evidence/helmet_violation_2025-07-05_13-27-53.jpg
Helmet Violation,2025-07-05_13-27-53,evidence/helmet_violation_2025-07-05_13-27-53.jpg
Helmet Violation,2025-07-05_13-27-53,evidence/helmet_violation_2025-07-05_13-27-53.jpg
Helmet Violation,2025-07-05_13-27-53,evidence/helmet_violation_2025-07-05_13-27-53.jpg
Helmet Violation,2025-07-05_13-27-53,evidence/helmet_violation_2025-07-05_13-27-53.jpg
Helmet Violation,2025-07-05_13-27-53,evidence/helmet_violation_2025-07-05_13-27-53.jpg
Helmet Violation,2025-07-05_13-27-54,evidence/helmet_violation_2025-07-05_13-27-54.jpg
Helmet Violation,2025-07-05_13-27-54,evidence/helmet_violation_2025-07-05_13-27-54.jpg
Helmet Violation,2025-07-05_13-27-54,evidence/helmet_violation_2025-07-05_13-27-54.jpg
Helmet Violation,2025-07-05_13-27-54,evidence/helmet_violation_2025-07-05_13-27-54.jpg
Helmet Violation,2025-07-05_13-27-55,evidence/helmet_violation_2025-07-05_13-27-55.jpg
Helmet Violation,2025-07-05_13-27-55,evidence/helmet_violation_2025-07-05_13-27-55.jpg
Helmet Violation,2025-07-05_13-27-56,evidence/helmet_violation_2025-07-05_13-27-56.jpg
Helmet Violation,2025-07-05_13-27-56,evidence/helmet_violation_2025-07-05_13-27-56.jpg
Helmet Violation,2025-07-05_13-27-56,evidence/helmet_violation_2025-07-05_13-27-56.jpg
Helmet Violation,2025-07-05_13-27-56,evidence/helmet_violation_2025-07-05_13-27-56.jpg
Helmet Violation,2025-07-05_13-27-56,evidence/helmet_violation_2025-07-05_13-27-56.jpg
Helmet Violation,2025-07-05_13-27-56,evidence/helmet_violation_2025-07-05_13-27-56.jpg
Helmet Violation,2025-07-05_13-27-56,evidence/helmet_violation_2025-07-05_13-27-56.jpg
Helmet Violation,2025-07-05_13-27-56,evidence/helmet_violation_2025-07-05_13-27-56.jpg
Helmet Violation,2025-07-05_13-27-57,evidence/helmet_violation_2025-07-05_13-27-57.jpg
Helmet Violation,2025-07-05_13-27-57,evidence/helmet_violation_2025-07-05_13-27-57.jpg
Helmet Violation,2025-07-05_13-27-57,evidence/helmet_violation_2025-07-05_13-27-57.jpg
Helmet Violation,2025-07-05_13-27-57,evidence/helmet_violation_2025-07-05_13-27-57.jpg
Helmet Violation,2025-07-05_13-27-57,evidence/helmet_violation_2025-07-05_13-27-57.jpg
Helmet Violation,2025-07-05_13-27-57,evidence/helmet_violation_2025-07-05_13-27-57.jpg
Helmet Violation,2025-07-05_13-27-57,evidence/helmet_violation_2025-07-05_13-27-57.jpg
Helmet Violation,2025-07-05_13-27-57,evidence/helmet_violation_2025-07-05_13-27-57.jpg
Helmet Violation,2025-07-05_13-27-57,evidence/helmet_violation_2025-07-05_13-27-57.jpg
Helmet Violation,2025-07-05_13-27-57,evidence/helmet_violation_2025-07-05_13-27-57.jpg
Helmet Violation,2025-07-05_13-27-57,evidence/helmet_violation_2025-07-05_13-27-57.jpg
Helmet Violation,2025-07-05_13-27-57,evidence/helmet_violation_2025-07-05_13-27-57.jpg
Helmet Violation,2025-07-05_13-27-58,evidence/helmet_violation_2025-07-05_13-27-58.jpg
Helmet Violation,2025-07-05_13-27-58,evidence/helmet_violation_2025-07-05_13-27-58.jpg
Helmet Violation,2025-07-05_13-27-58,evidence/helmet_violation_2025-07-05_13-27-58.jpg
Helmet Violation,2025-07-05_13-27-58,evidence/helmet_violation_2025-07-05_13-27-58.jpg
Helmet Violation,2025-07-05_13-27-58,evidence/helmet_violation_2025-07-05_13-27-58.jpg
Helmet Violation,2025-07-05_13-27-58,evidence/helmet_violation_2025-07-05_13-27-58.jpg
Helmet Violation,2025-07-05_13-27-58,evidence/helmet_violation_2025-07-05_13-27-58.jpg
Helmet Violation,2025-07-05_13-27-58,evidence/helmet_violation_2025-07-05_13-27-58.jpg
Helmet Violation,2025-07-05_13-27-58,evidence/helmet_violation_2025-07-05_13-27-58.jpg
Helmet Violation,2025-07-05_13-27-58,evidence/helmet_violation_2025-07-05_13-27-58.jpg
Helmet Violation,2025-07-05_13-27-58,evidence/helmet_violation_2025-07-05_13-27-58.jpg
Helmet Violation,2025-07-05_13-27-58,evidence/helmet_violation_2025-07-05_13-27-58.jpg
Helmet Violation,2025-07-05_13-27-58,evidence/helmet_violation_2025-07-05_13-27-58.jpg
Helmet Violation,2025-07-05_13-27-58,evidence/helmet_violation_2025-07-05_13-27-58.jpg
Helmet Violation,2025-07-05_13-27-59,evidence/helmet_violation_2025-07-05_13-27-59.jpg
Helmet Violation,2025-07-05_13-27-59,evidence/helmet_violation_2025-07-05_13-27-59.jpg
Helmet Violation,2025-07-05_13-27-59,evidence/helmet_violation_2025-07-05_13-27-59.jpg
Helmet Violation,2025-07-05_13-27-59,evidence/helmet_violation_2025-07-05_13-27-59.jpg
Helmet Violation,2025-07-05_13-27-59,evidence/helmet_violation_2025-07-05_13-27-59.jpg
Helmet Violation,2025-07-05_13-27-59,evidence/helmet_violation_2025-07-05_13-27-59.jpg
Helmet Violation,2025-07-05_13-27-59,evidence/helmet_violation_2025-07-05_13-27-59.jpg
Helmet Violation,2025-07-05_13-27-59,evidence/helmet_violation_2025-07-05_13-27-59.jpg
Helmet Violation,2025-07-05_13-27-59,evidence/helmet_violation_2025-07-05_13-27-59.jpg
Helmet Violation,2025-07-05_13-27-59,evidence/helmet_violation_2025-07-05_13-27-59.jpg
Helmet Violation,2025-07-05_13-27-59,evidence/helmet_violation_2025-07-05_13-27-59.jpg
Helmet Violation,2025-07-05_13-27-59,evidence/helmet_violation_2025-07-05_13-27-59.jpg
Helmet Violation,2025-07-05_13-27-59,evidence/helmet_violation_2025-07-05_13-27-59.jpg
Helmet Violation,2025-07-05_13-27-59,evidence/helmet_violation_2025-07-05_13-27-59.jpg
Helmet Violation,2025-07-05_13-28-00,evidence/helmet_violation_2025-07-05_13-28-00.jpg
Helmet Violation,2025-07-05_13-28-00,evidence/helmet_violation_2025-07-05_13-28-00.jpg
Helmet Violation,2025-07-05_13-28-00,evidence/helmet_violation_2025-07-05_13-28-00.jpg
Helmet Violation,2025-07-05_13-28-00,evidence/helmet_violation_2025-07-05_13-28-00.jpg
Helmet Violation,2025-07-05_13-28-00,evidence/helmet_violation_2025-07-05_13-28-00.jpg
Helmet Violation,2025-07-05_13-28-00,evidence/helmet_violation_2025-07-05_13-28-00.jpg
Helmet Violation,2025-07-05_13-28-00,evidence/helmet_violation_2025-07-05_13-28-00.jpg
Helmet Violation,2025-07-05_13-28-00,evidence/helmet_violation_2025-07-05_13-28-00.jpg
Helmet Violation,2025-07-05_13-28-00,evidence/helmet_violation_2025-07-05_13-28-00.jpg
Helmet Violation,2025-07-05_13-28-00,evidence/helmet_violation_2025-07-05_13-28-00.jpg
Helmet Violation,2025-07-05_13-28-10,evidence/helmet_violation_2025-07-05_13-28-10.jpg
Helmet Violation,2025-07-05_13-28-10,evidence/helmet_violation_2025-07-05_13-28-10.jpg
Helmet Violation,2025-07-05_13-28-10,evidence/helmet_violation_2025-07-05_13-28-10.jpg
Helmet Violation,2025-07-05_13-28-10,evidence/helmet_violation_2025-07-05_13-28-10.jpg
Helmet Violation,2025-07-05_13-28-11,evidence/helmet_violation_2025-07-05_13-28-11.jpg
Helmet Violation,2025-07-05_13-28-11,evidence/helmet_violation_2025-07-05_13-28-11.jpg
Helmet Violation,2025-07-05_13-28-11,evidence/helmet_violation_2025-07-05_13-28-11.jpg
Helmet Violation,2025-07-05_13-28-12,evidence/helmet_violation_2025-07-05_13-28-12.jpg
Helmet Violation,2025-07-05_13-28-12,evidence/helmet_violation_2025-07-05_13-28-12.jpg
Helmet Violation,2025-07-05_13-28-12,evidence/helmet_violation_2025-07-05_13-28-12.jpg
Helmet Violation,2025-07-05_13-28-12,evidence/helmet_violation_2025-07-05_13-28-12.jpg
Helmet Violation,2025-07-05_13-28-12,evidence/helmet_violation_2025-07-05_13-28-12.jpg
Helmet Violation,2025-07-05_13-28-12,evidence/helmet_violation_2025-07-05_13-28-12.jpg
Helmet Violation,2025-07-05_13-28-12,evidence/helmet_violation_2025-07-05_13-28-12.jpg
Helmet Violation,2025-07-05_13-28-13,evidence/helmet_violation_2025-07-05_13-28-13.jpg
Helmet Violation,2025-07-05_13-28-13,evidence/helmet_violation_2025-07-05_13-28-13.jpg
Helmet Violation,2025-07-05_13-28-14,evidence/helmet_violation_2025-07-05_13-28-14.jpg
Helmet Violation,2025-07-05_13-28-14,evidence/helmet_violation_2025-07-05_13-28-14.jpg
Helmet Violation,2025-07-05_13-28-14,evidence/helmet_violation_2025-07-05_13-28-14.jpg
Helmet Violation,2025-07-05_13-28-14,evidence/helmet_violation_2025-07-05_13-28-14.jpg
Helmet Violation,2025-07-05_13-28-14,evidence/helmet_violation_2025-07-05_13-28-14.jpg
Helmet Violation,2025-07-05_13-28-14,evidence/helmet_violation_2025-07-05_13-28-14.jpg
Helmet Violation,2025-07-05_13-28-14,evidence/helmet_violation_2025-07-05_13-28-14.jpg
Helmet Violation,2025-07-05_13-28-16,evidence/helmet_violation_2025-07-05_13-28-16.jpg
Helmet Violation,2025-07-05_13-28-16,evidence/helmet_violation_2025-07-05_13-28-16.jpg
Helmet Violation,2025-07-05_13-29-52,evidence/helmet_violation_2025-07-05_13-29-52.jpg
Helmet Violation,2025-07-05_13-29-53,evidence/helmet_violation_2025-07-05_13-29-53.jpg
Helmet Violation,2025-07-05_13-29-53,evidence/helmet_violation_2025-07-05_13-29-53.jpg
Helmet Violation,2025-07-05_13-29-53,evidence/helmet_violation_2025-07-05_13-29-53.jpg
Helmet Violation,2025-07-05_13-29-53,evidence/helmet_violation_2025-07-05_13-29-53.jpg
Helmet Violation,2025-07-05_13-29-53,evidence/helmet_violation_2025-07-05_13-29-53.jpg
Helmet Violation,2025-07-05_13-29-53,evidence/helmet_violation_2025-07-05_13-29-53.jpg
Helmet Violation,2025-07-05_13-29-53,evidence/helmet_violation_2025-07-05_13-29-53.jpg
Helmet Violation,2025-07-05_13-29-53,evidence/helmet_violation_2025-07-05_13-29-53.jpg
Helmet Violation,2025-07-05_13-29-53,evidence/helmet_violation_2025-07-05_13-29-53.jpg
Helmet Violation,2025-07-05_13-29-53,evidence/helmet_violation_2025-07-05_13-29-53.jpg
Helmet Violation,2025-07-05_13-29-53,evidence/helmet_violation_2025-07-05_13-29-53.jpg
Helmet Violation,2025-07-05_13-29-54,evidence/helmet_violation_2025-07-05_13-29-54.jpg
Helmet Violation,2025-07-05_13-29-54,evidence/helmet_violation_2025-07-05_13-29-54.jpg
Helmet Violation,2025-07-05_13-29-54,evidence/helmet_violation_2025-07-05_13-29-54.jpg
Helmet Violation,2025-07-05_13-29-54,evidence/helmet_violation_2025-07-05_13-29-54.jpg
Helmet Violation,2025-07-05_13-29-54,evidence/helmet_violation_2025-07-05_13-29-54.jpg
Helmet Violation,2025-07-05_13-29-54,evidence/helmet_violation_2025-07-05_13-29-54.jpg
Helmet Violation,2025-07-05_13-29-54,evidence/helmet_violation_2025-07-05_13-29-54.jpg
Helmet Violation,2025-07-05_13-29-54,evidence/helmet_violation_2025-07-05_13-29-54.jpg
Helmet Violation,2025-07-05_13-29-54,evidence/helmet_violation_2025-07-05_13-29-54.jpg
Helmet Violation,2025-07-05_13-29-54,evidence/helmet_violation_2025-07-05_13-29-54.jpg
Helmet Violation,2025-07-05_13-29-54,evidence/helmet_violation_2025-07-05_13-29-54.jpg
Helmet Violation,2025-07-05_13-29-54,evidence/helmet_violation_2025-07-05_13-29-54.jpg
Helmet Violation,2025-07-05_13-29-54,evidence/helmet_violation_2025-07-05_13-29-54.jpg
Helmet Violation,2025-07-05_13-29-55,evidence/helmet_violation_2025-07-05_13-29-55.jpg
Helmet Violation,2025-07-05_13-29-55,evidence/helmet_violation_2025-07-05_13-29-55.jpg
Helmet Violation,2025-07-05_13-29-55,evidence/helmet_violation_2025-07-05_13-29-55.jpg
Helmet Violation,2025-07-05_13-29-55,evidence/helmet_violation_2025-07-05_13-29-55.jpg
Helmet Violation,2025-07-05_13-29-55,evidence/helmet_violation_2025-07-05_13-29-55.jpg
Helmet Violation,2025-07-05_13-29-55,evidence/helmet_violation_2025-07-05_13-29-55.jpg
Helmet Violation,2025-07-05_13-29-55,evidence/helmet_violation_2025-07-05_13-29-55.jpg
Helmet Violation,2025-07-05_13-29-56,evidence/helmet_violation_2025-07-05_13-29-56.jpg
Helmet Violation,2025-07-05_13-29-57,evidence/helmet_violation_2025-07-05_13-29-57.jpg
Helmet Violation,2025-07-05_13-29-57,evidence/helmet_violation_2025-07-05_13-29-57.jpg
Helmet Violation,2025-07-05_13-29-57,evidence/helmet_violation_2025-07-05_13-29-57.jpg
Helmet Violation,2025-07-05_13-29-57,evidence/helmet_violation_2025-07-05_13-29-57.jpg
Helmet Violation,2025-07-05_13-29-57,evidence/helmet_violation_2025-07-05_13-29-57.jpg
Helmet Violation,2025-07-05_13-29-58,evidence/helmet_violation_2025-07-05_13-29-58.jpg
Helmet Violation,2025-07-05_13-29-58,evidence/helmet_violation_2025-07-05_13-29-58.jpg
Helmet Violation,2025-07-05_13-29-58,evidence/helmet_violation_2025-07-05_13-29-58.jpg
Helmet Violation,2025-07-05_13-29-58,evidence/helmet_violation_2025-07-05_13-29-58.jpg
Helmet Violation,2025-07-05_13-29-58,evidence/helmet_violation_2025-07-05_13-29-58.jpg
Helmet Violation,2025-07-05_13-29-58,evidence/helmet_violation_2025-07-05_13-29-58.jpg
Helmet Violation,2025-07-05_13-29-58,evidence/helmet_violation_2025-07-05_13-29-58.jpg
Helmet Violation,2025-07-05_13-29-58,evidence/helmet_violation_2025-07-05_13-29-58.jpg
Helmet Violation,2025-07-05_13-29-58,evidence/helmet_violation_2025-07-05_13-29-58.jpg
Helmet Violation,2025-07-05_13-29-58,evidence/helmet_violation_2025-07-05_13-29-58.jpg
Helmet Violation,2025-07-05_13-29-58,evidence/helmet_violation_2025-07-05_13-29-58.jpg
Helmet Violation,2025-07-05_13-29-59,evidence/helmet_violation_2025-07-05_13-29-59.jpg
Helmet Violation,2025-07-05_13-29-59,evidence/helmet_violation_2025-07-05_13-29-59.jpg
Helmet Violation,2025-07-05_13-29-59,evidence/helmet_violation_2025-07-05_13-29-59.jpg
Helmet Violation,2025-07-05_13-29-59,evidence/helmet_violation_2025-07-05_13-29-59.jpg
Helmet Violation,2025-07-05_13-29-59,evidence/helmet_violation_2025-07-05_13-29-59.jpg
Helmet Violation,2025-07-05_13-29-59,evidence/helmet_violation_2025-07-05_13-29-59.jpg
Helmet Violation,2025-07-05_13-29-59,evidence/helmet_violation_2025-07-05_13-29-59.jpg
Helmet Violation,2025-07-05_13-29-59,evidence/helmet_violation_2025-07-05_13-29-59.jpg
Helmet Violation,2025-07-05_13-29-59,evidence/helmet_violation_2025-07-05_13-29-59.jpg
Helmet Violation,2025-07-05_13-29-59,evidence/helmet_violation_2025-07-05_13-29-59.jpg
Helmet Violation,2025-07-05_13-29-59,evidence/helmet_violation_2025-07-05_13-29-59.jpg
Helmet Violation,2025-07-05_13-29-59,evidence/helmet_violation_2025-07-05_13-29-59.jpg
Helmet Violation,2025-07-05_13-29-59,evidence/helmet_violation_2025-07-05_13-29-59.jpg
Helmet Violation,2025-07-05_13-29-59,evidence/helmet_violation_2025-07-05_13-29-59.jpg
Helmet Violation,2025-07-05_13-29-59,evidence/helmet_violation_2025-07-05_13-29-59.jpg
Helmet Violation,2025-07-05_13-29-59,evidence/helmet_violation_2025-07-05_13-29-59.jpg
Helmet Violation,2025-07-05_13-30-00,evidence/helmet_violation_2025-07-05_13-30-00.jpg
Helmet Violation,2025-07-05_13-30-00,evidence/helmet_violation_2025-07-05_13-30-00.jpg
Helmet Violation,2025-07-05_13-30-00,evidence/helmet_violation_2025-07-05_13-30-00.jpg
Helmet Violation,2025-07-05_13-30-00,evidence/helmet_violation_2025-07-05_13-30-00.jpg
Helmet Violation,2025-07-05_13-30-00,evidence/helmet_violation_2025-07-05_13-30-00.jpg
Helmet Violation,2025-07-05_13-30-00,evidence/helmet_violation_2025-07-05_13-30-00.jpg
Helmet Violation,2025-07-05_13-30-00,evidence/helmet_violation_2025-07-05_13-30-00.jpg
Helmet Violation,2025-07-05_13-30-00,evidence/helmet_violation_2025-07-05_13-30-00.jpg
Helmet Violation,2025-07-05_13-30-00,evidence/helmet_violation_2025-07-05_13-30-00.jpg
Helmet Violation,2025-07-05_13-30-00,evidence/helmet_violation_2025-07-05_13-30-00.jpg
Helmet Violation,2025-07-05_13-30-00,evidence/helmet_violation_2025-07-05_13-30-00.jpg
Helmet Violation,2025-07-05_13-30-00,evidence/helmet_violation_2025-07-05_13-30-00.jpg
Helmet Violation,2025-07-05_13-30-00,evidence/helmet_violation_2025-07-05_13-30-00.jpg
Helmet Violation,2025-07-05_13-30-00,evidence/helmet_violation_2025-07-05_13-30-00.jpg
Helmet Violation,2025-07-05_13-30-01,evidence/helmet_violation_2025-07-05_13-30-01.jpg
Helmet Violation,2025-07-05_13-30-01,evidence/helmet_violation_2025-07-05_13-30-01.jpg
Helmet Violation,2025-07-05_13-30-01,evidence/helmet_violation_2025-07-05_13-30-01.jpg
Helmet Violation,2025-07-05_13-30-01,evidence/helmet_violation_2025-07-05_13-30-01.jpg
Helmet Violation,2025-07-05_13-30-01,evidence/helmet_violation_2025-07-05_13-30-01.jpg
Helmet Violation,2025-07-05_13-30-01,evidence/helmet_violation_2025-07-05_13-30-01.jpg
Helmet Violation,2025-07-05_13-30-01,evidence/helmet_violation_2025-07-05_13-30-01.jpg
Helmet Violation,2025-07-05_13-30-01,evidence/helmet_violation_2025-07-05_13-30-01.jpg
Helmet Violation,2025-07-05_13-30-01,evidence/helmet_violation_2025-07-05_13-30-01.jpg
Helmet Violation,2025-07-05_13-30-01,evidence/helmet_violation_2025-07-05_13-30-01.jpg
Helmet Violation,2025-07-05_13-30-01,evidence/helmet_violation_2025-07-05_13-30-01.jpg
Helmet Violation,2025-07-05_13-30-01,evidence/helmet_violation_2025-07-05_13-30-01.jpg
Helmet Violation,2025-07-05_13-30-02,evidence/helmet_violation_2025-07-05_13-30-02.jpg
Helmet Violation,2025-07-05_13-30-02,evidence/helmet_violation_2025-07-05_13-30-02.jpg
Helmet Violation,2025-07-05_13-30-11,evidence/helmet_violation_2025-07-05_13-30-11.jpg
Helmet Violation,2025-07-05_13-30-11,evidence/helmet_violation_2025-07-05_13-30-11.jpg
Helmet Violation,2025-07-05_13-30-11,evidence/helmet_violation_2025-07-05_13-30-11.jpg
Helmet Violation,2025-07-05_13-30-11,evidence/helmet_violation_2025-07-05_13-30-11.jpg
Helmet Violation,2025-07-05_13-30-12,evidence/helmet_violation_2025-07-05_13-30-12.jpg
Helmet Violation,2025-07-05_13-30-12,evidence/helmet_violation_2025-07-05_13-30-12.jpg
Helmet Violation,2025-07-05_13-30-12,evidence/helmet_violation_2025-07-05_13-30-12.jpg
Helmet Violation,2025-07-05_13-30-13,evidence/helmet_violation_2025-07-05_13-30-13.jpg
Helmet Violation,2025-07-05_13-30-13,evidence/helmet_violation_2025-07-05_13-30-13.jpg
Helmet Violation,2025-07-05_13-30-13,evidence/helmet_violation_2025-07-05_13-30-13.jpg
Helmet Violation,2025-07-05_13-30-13,evidence/helmet_violation_2025-07-05_13-30-13.jpg
Helmet Violation,2025-07-05_13-30-13,evidence/helmet_violation_2025-07-05_13-30-13.jpg
Helmet Violation,2025-07-05_13-30-13,evidence/helmet_violation_2025-07-05_13-30-13.jpg
Helmet Violation,2025-07-05_13-30-14,evidence/helmet_violation_2025-07-05_13-30-14.jpg
Helmet Violation,2025-07-05_13-30-14,evidence/helmet_violation_2025-07-05_13-30-14.jpg
Helmet Violation,2025-07-05_13-30-14,evidence/helmet_violation_2025-07-05_13-30-14.jpg
Helmet Violation,2025-07-05_13-30-15,evidence/helmet_violation_2025-07-05_13-30-15.jpg
Helmet Violation,2025-07-05_13-30-15,evidence/helmet_violation_2025-07-05_13-30-15.jpg
Helmet Violation,2025-07-05_13-30-15,evidence/helmet_violation_2025-07-05_13-30-15.jpg
Helmet Violation,2025-07-05_13-30-15,evidence/helmet_violation_2025-07-05_13-30-15.jpg
Helmet Violation,2025-07-05_13-30-15,evidence/helmet_violation_2025-07-05_13-30-15.jpg
Helmet Violation,2025-07-05_13-30-15,evidence/helmet_violation_2025-07-05_13-30-15.jpg
Helmet Violation,2025-07-05_13-30-15,evidence/helmet_violation_2025-07-05_13-30-15.jpg
Helmet Violation,2025-07-05_13-30-17,evidence/helmet_violation_2025-07-05_13-30-17.jpg
Helmet Violation,2025-07-05_13-30-18,evidence/helmet_violation_2025-07-05_13-30-18.jpg
Helmet Violation,2025-07-05_14-10-07,evidence/helmet_violation_2025-07-05_14-10-07.jpg
Helmet Violation,2025-07-05_14-10-07,evidence/helmet_violation_2025-07-05_14-10-07.jpg
Helmet Violation,2025-07-05_14-10-07,evidence/helmet_violation_2025-07-05_14-10-07.jpg
Helmet Violation,2025-07-05_14-10-07,evidence/helmet_violation_2025-07-05_14-10-07.jpg
Helmet Violation,2025-07-05_14-10-07,evidence/helmet_violation_2025-07-05_14-10-07.jpg
Helmet Violation,2025-07-05_14-10-07,evidence/helmet_violation_2025-07-05_14-10-07.jpg
Helmet Violation,2025-07-05_14-10-08,evidence/helmet_violation_2025-07-05_14-10-08.jpg
Helmet Violation,2025-07-05_14-10-08,evidence/helmet_violation_2025-07-05_14-10-08.jpg
Helmet Violation,2025-07-05_14-10-08,evidence/helmet_violation_2025-07-05_14-10-08.jpg
Helmet Violation,2025-07-05_14-10-08,evidence/helmet_violation_2025-07-05_14-10-08.jpg
Helmet Violation,2025-07-05_14-10-08,evidence/helmet_violation_2025-07-05_14-10-08.jpg
Helmet Violation,2025-07-05_14-10-08,evidence/helmet_violation_2025-07-05_14-10-08.jpg
Helmet Violation,2025-07-05_14-10-08,evidence/helmet_violation_2025-07-05_14-10-08.jpg
Helmet Violation,2025-07-05_14-10-08,evidence/helmet_violation_2025-07-05_14-10-08.jpg
Helmet Violation,2025-07-05_14-10-08,evidence/helmet_violation_2025-07-05_14-10-08.jpg
Helmet Violation,2025-07-05_14-10-08,evidence/helmet_violation_2025-07-05_14-10-08.jpg
Helmet Violation,2025-07-05_14-10-08,evidence/helmet_violation_2025-07-05_14-10-08.jpg
Helmet Violation,2025-07-05_14-10-09,evidence/helmet_violation_2025-07-05_14-10-09.jpg
Helmet Violation,2025-07-05_14-10-09,evidence/helmet_violation_2025-07-05_14-10-09.jpg
Helmet Violation,2025-07-05_14-10-09,evidence/helmet_violation_2025-07-05_14-10-09.jpg
Helmet Violation,2025-07-05_14-10-09,evidence/helmet_violation_2025-07-05_14-10-09.jpg
Helmet Violation,2025-07-05_14-10-09,evidence/helmet_violation_2025-07-05_14-10-09.jpg
Helmet Violation,2025-07-05_14-10-09,evidence/helmet_violation_2025-07-05_14-10-09.jpg
Helmet Violation,2025-07-05_14-10-09,evidence/helmet_violation_2025-07-05_14-10-09.jpg
Helmet Violation,2025-07-05_14-10-09,evidence/helmet_violation_2025-07-05_14-10-09.jpg
Helmet Violation,2025-07-05_14-10-09,evidence/helmet_violation_2025-07-05_14-10-09.jpg
Helmet Violation,2025-07-05_14-10-09,evidence/helmet_violation_2025-07-05_14-10-09.jpg
Helmet Violation,2025-07-05_14-10-09,evidence/helmet_violation_2025-07-05_14-10-09.jpg
Helmet Violation,2025-07-05_14-10-10,evidence/helmet_violation_2025-07-05_14-10-10.jpg
Helmet Violation,2025-07-05_14-10-10,evidence/helmet_violation_2025-07-05_14-10-10.jpg
Helmet Violation,2025-07-05_14-10-10,evidence/helmet_violation_2025-07-05_14-10-10.jpg
Helmet Violation,2025-07-05_14-10-10,evidence/helmet_violation_2025-07-05_14-10-10.jpg
Helmet Violation,2025-07-05_14-10-10,evidence/helmet_violation_2025-07-05_14-10-10.jpg
Helmet Violation,2025-07-05_14-10-12,evidence/helmet_violation_2025-07-05_14-10-12.jpg
Helmet Violation,2025-07-05_14-10-12,evidence/helmet_violation_2025-07-05_14-10-12.jpg
Helmet Violation,2025-07-05_14-10-12,evidence/helmet_violation_2025-07-05_14-10-12.jpg
Helmet Violation,2025-07-05_14-10-12,evidence/helmet_violation_2025-07-05_14-10-12.jpg
Helmet Violation,2025-07-05_14-10-12,evidence/helmet_violation_2025-07-05_14-10-12.jpg
Helmet Violation,2025-07-05_14-10-12,evidence/helmet_violation_2025-07-05_14-10-12.jpg
Helmet Violation,2025-07-05_14-10-13,evidence/helmet_violation_2025-07-05_14-10-13.jpg
Helmet Violation,2025-07-05_14-10-13,evidence/helmet_violation_2025-07-05_14-10-13.jpg
Helmet Violation,2025-07-05_14-10-13,evidence/helmet_violation_2025-07-05_14-10-13.jpg
Helmet Violation,2025-07-05_14-10-13,evidence/helmet_violation_2025-07-05_14-10-13.jpg
Helmet Violation,2025-07-05_14-10-13,evidence/helmet_violation_2025-07-05_14-10-13.jpg
Helmet Violation,2025-07-05_14-10-13,evidence/helmet_violation_2025-07-05_14-10-13.jpg
Helmet Violation,2025-07-05_14-10-13,evidence/helmet_violation_2025-07-05_14-10-13.jpg
Helmet Violation,2025-07-05_14-10-13,evidence/helmet_violation_2025-07-05_14-10-13.jpg
Helmet Violation,2025-07-05_14-10-13,evidence/helmet_violation_2025-07-05_14-10-13.jpg
Helmet Violation,2025-07-05_14-10-13,evidence/helmet_violation_2025-07-05_14-10-13.jpg
Helmet Violation,2025-07-05_14-10-14,evidence/helmet_violation_2025-07-05_14-10-14.jpg
Helmet Violation,2025-07-05_14-10-14,evidence/helmet_violation_2025-07-05_14-10-14.jpg
Helmet Violation,2025-07-05_14-10-14,evidence/helmet_violation_2025-07-05_14-10-14.jpg
Helmet Violation,2025-07-05_14-10-14,evidence/helmet_violation_2025-07-05_14-10-14.jpg
Helmet Violation,2025-07-05_14-10-14,evidence/helmet_violation_2025-07-05_14-10-14.jpg
Helmet Violation,2025-07-05_14-10-14,evidence/helmet_violation_2025-07-05_14-10-14.jpg
Helmet Violation,2025-07-05_14-10-14,evidence/helmet_violation_2025-07-05_14-10-14.jpg
Helmet Violation,2025-07-05_14-10-14,evidence/helmet_violation_2025-07-05_14-10-14.jpg
Helmet Violation,2025-07-05_14-10-14,evidence/helmet_violation_2025-07-05_14-10-14.jpg
Helmet Violation,2025-07-05_14-10-14,evidence/helmet_violation_2025-07-05_14-10-14.jpg
Helmet Violation,2025-07-05_14-10-14,evidence/helmet_violation_2025-07-05_14-10-14.jpg
Helmet Violation,2025-07-05_14-10-14,evidence/helmet_violation_2025-07-05_14-10-14.jpg
Helmet Violation,2025-07-05_14-10-14,evidence/helmet_violation_2025-07-05_14-10-14.jpg
Helmet Violation,2025-07-05_14-10-14,evidence/helmet_violation_2025-07-05_14-10-14.jpg
Helmet Violation,2025-07-05_14-10-14,evidence/helmet_violation_2025-07-05_14-10-14.jpg
Helmet Violation,2025-07-05_14-10-14,evidence/helmet_violation_2025-07-05_14-10-14.jpg
Helmet Violation,2025-07-05_14-10-15,evidence/helmet_violation_2025-07-05_14-10-15.jpg
Helmet Violation,2025-07-05_14-10-15,evidence/helmet_violation_2025-07-05_14-10-15.jpg
Helmet Violation,2025-07-05_14-10-15,evidence/helmet_violation_2025-07-05_14-10-15.jpg
Helmet Violation,2025-07-05_14-10-15,evidence/helmet_violation_2025-07-05_14-10-15.jpg
Helmet Violation,2025-07-05_14-10-15,evidence/helmet_violation_2025-07-05_14-10-15.jpg
Helmet Violation,2025-07-05_14-10-15,evidence/helmet_violation_2025-07-05_14-10-15.jpg
Helmet Violation,2025-07-05_14-10-15,evidence/helmet_violation_2025-07-05_14-10-15.jpg
Helmet Violation,2025-07-05_14-10-15,evidence/helmet_violation_2025-07-05_14-10-15.jpg
Helmet Violation,2025-07-05_14-10-15,evidence/helmet_violation_2025-07-05_14-10-15.jpg
Helmet Violation,2025-07-05_14-10-15,evidence/helmet_violation_2025-07-05_14-10-15.jpg
Helmet Violation,2025-07-05_14-10-15,evidence/helmet_violation_2025-07-05_14-10-15.jpg
Helmet Violation,2025-07-05_14-10-15,evidence/helmet_violation_2025-07-05_14-10-15.jpg
Helmet Violation,2025-07-05_14-10-16,evidence/helmet_violation_2025-07-05_14-10-16.jpg
Helmet Violation,2025-07-05_14-10-16,evidence/helmet_violation_2025-07-05_14-10-16.jpg
Helmet Violation,2025-07-05_14-10-16,evidence/helmet_violation_2025-07-05_14-10-16.jpg
Helmet Violation,2025-07-05_14-10-16,evidence/helmet_violation_2025-07-05_14-10-16.jpg
Helmet Violation,2025-07-05_14-10-16,evidence/helmet_violation_2025-07-05_14-10-16.jpg
Helmet Violation,2025-07-05_14-10-16,evidence/helmet_violation_2025-07-05_14-10-16.jpg
Helmet Violation,2025-07-05_14-10-16,evidence/helmet_violation_2025-07-05_14-10-16.jpg
Helmet Violation,2025-07-05_14-10-16,evidence/helmet_violation_2025-07-05_14-10-16.jpg
Helmet Violation,2025-07-05_14-10-16,evidence/helmet_violation_2025-07-05_14-10-16.jpg
Helmet Violation,2025-07-05_14-10-16,evidence/helmet_violation_2025-07-05_14-10-16.jpg
Helmet Violation,2025-07-05_14-10-16,evidence/helmet_violation_2025-07-05_14-10-16.jpg
Helmet Violation,2025-07-05_14-10-16,evidence/helmet_violation_2025-07-05_14-10-16.jpg
Helmet Violation,2025-07-05_14-10-17,evidence/helmet_violation_2025-07-05_14-10-17.jpg
Helmet Violation,2025-07-05_14-10-17,evidence/helmet_violation_2025-07-05_14-10-17.jpg
Helmet Violation,2025-07-05_14-10-17,evidence/helmet_violation_2025-07-05_14-10-17.jpg
Helmet Violation,2025-07-05_14-10-17,evidence/helmet_violation_2025-07-05_14-10-17.jpg
Helmet Violation,2025-07-05_14-10-26,evidence/helmet_violation_2025-07-05_14-10-26.jpg
Helmet Violation,2025-07-05_14-10-26,evidence/helmet_violation_2025-07-05_14-10-26.jpg
Helmet Violation,2025-07-05_14-10-27,evidence/helmet_violation_2025-07-05_14-10-27.jpg
Helmet Violation,2025-07-05_14-10-27,evidence/helmet_violation_2025-07-05_14-10-27.jpg
Helmet Violation,2025-07-05_14-10-28,evidence/helmet_violation_2025-07-05_14-10-28.jpg
Helmet Violation,2025-07-05_14-10-28,evidence/helmet_violation_2025-07-05_14-10-28.jpg
Helmet Violation,2025-07-05_14-10-28,evidence/helmet_violation_2025-07-05_14-10-28.jpg
Helmet Violation,2025-07-05_14-10-28,evidence/helmet_violation_2025-07-05_14-10-28.jpg
Helmet Violation,2025-07-05_14-10-28,evidence/helmet_violation_2025-07-05_14-10-28.jpg
Helmet Violation,2025-07-05_14-10-28,evidence/helmet_violation_2025-07-05_14-10-28.jpg
Helmet Violation,2025-07-05_14-10-28,evidence/helmet_violation_2025-07-05_14-10-28.jpg
Helmet Violation,2025-07-05_14-10-28,evidence/helmet_violation_2025-07-05_14-10-28.jpg
Helmet Violation,2025-07-05_14-10-29,evidence/helmet_violation_2025-07-05_14-10-29.jpg
Helmet Violation,2025-07-05_14-10-29,evidence/helmet_violation_2025-07-05_14-10-29.jpg
Helmet Violation,2025-07-05_14-10-29,evidence/helmet_violation_2025-07-05_14-10-29.jpg
Helmet Violation,2025-07-05_14-10-29,evidence/helmet_violation_2025-07-05_14-10-29.jpg
Helmet Violation,2025-07-05_14-10-30,evidence/helmet_violation_2025-07-05_14-10-30.jpg
Helmet Violation,2025-07-05_14-10-30,evidence/helmet_violation_2025-07-05_14-10-30.jpg
Helmet Violation,2025-07-05_14-10-30,evidence/helmet_violation_2025-07-05_14-10-30.jpg
Helmet Violation,2025-07-05_14-10-30,evidence/helmet_violation_2025-07-05_14-10-30.jpg
Helmet Violation,2025-07-05_14-10-30,evidence/helmet_violation_2025-07-05_14-10-30.jpg
Helmet Violation,2025-07-05_14-10-30,evidence/helmet_violation_2025-07-05_14-10-30.jpg
Helmet Violation,2025-07-05_14-10-30,evidence/helmet_violation_2025-07-05_14-10-30.jpg
Helmet Violation,2025-07-05_14-10-33,evidence/helmet_violation_2025-07-05_14-10-33.jpg
Helmet Violation,2025-07-05_14-10-33,evidence/helmet_violation_2025-07-05_14-10-33.jpg
Helmet Violation,2025-07-05_14-24-25,evidence/helmet_violation_2025-07-05_14-24-25.jpg
Helmet Violation,2025-07-05_14-24-25,evidence/helmet_violation_2025-07-05_14-24-25.jpg
Helmet Violation,2025-07-05_14-24-25,evidence/helmet_violation_2025-07-05_14-24-25.jpg
Helmet Violation,2025-07-05_14-24-25,evidence/helmet_violation_2025-07-05_14-24-25.jpg
Helmet Violation,2025-07-05_14-24-25,evidence/helmet_violation_2025-07-05_14-24-25.jpg
Helmet Violation,2025-07-05_14-24-25,evidence/helmet_violation_2025-07-05_14-24-25.jpg
Helmet Violation,2025-07-05_14-24-26,evidence/helmet_violation_2025-07-05_14-24-26.jpg
Helmet Violation,2025-07-05_14-24-26,evidence/helmet_violation_2025-07-05_14-24-26.jpg
Helmet Violation,2025-07-05_14-24-27,evidence/helmet_violation_2025-07-05_14-24-27.jpg
Helmet Violation,2025-07-05_14-24-27,evidence/helmet_violation_2025-07-05_14-24-27.jpg
Helmet Violation,2025-07-05_14-24-27,evidence/helmet_violation_2025-07-05_14-24-27.jpg
Helmet Violation,2025-07-05_14-24-27,evidence/helmet_violation_2025-07-05_14-24-27.jpg
Triple Riding,2025-07-05_15-18-58,violation_Triple Riding_2025-07-05_15-18-58.jpg
Triple Riding,2025-07-05_15-18-58,violation_Triple Riding_2025-07-05_15-18-58.jpg
Triple Riding,2025-07-05_15-18-59,violation_Triple Riding_2025-07-05_15-18-59.jpg
Triple Riding,2025-07-05_15-18-59,violation_Triple Riding_2025-07-05_15-18-59.jpg
Triple Riding,2025-07-05_15-18-59,violation_Triple Riding_2025-07-05_15-18-59.jpg
Triple Riding,2025-07-05_15-18-59,violation_Triple Riding_2025-07-05_15-18-59.jpg
Triple Riding,2025-07-05_15-18-59,violation_Triple Riding_2025-07-05_15-18-59.jpg
Triple Riding,2025-07-05_15-19-00,violation_Triple Riding_2025-07-05_15-19-00.jpg
Triple Riding,2025-07-05_15-19-00,violation_Triple Riding_2025-07-05_15-19-00.jpg
Triple Riding,2025-07-05_15-19-00,violation_Triple Riding_2025-07-05_15-19-00.jpg
Triple Riding,2025-07-05_15-19-01,violation_Triple Riding_2025-07-05_15-19-01.jpg
Triple Riding,2025-07-05_15-19-01,violation_Triple Riding_2025-07-05_15-19-01.jpg
Triple Riding,2025-07-05_15-19-01,violation_Triple Riding_2025-07-05_15-19-01.jpg
Triple Riding,2025-07-05_15-19-01,violation_Triple Riding_2025-07-05_15-19-01.jpg
Triple Riding,2025-07-05_15-19-01,violation_Triple Riding_2025-07-05_15-19-01.jpg
Triple Riding,2025-07-05_15-19-01,violation_Triple Riding_2025-07-05_15-19-01.jpg
Triple Riding,2025-07-05_15-19-01,violation_Triple Riding_2025-07-05_15-19-01.jpg
Triple Riding,2025-07-05_15-19-01,violation_Triple Riding_2025-07-05_15-19-01.jpg
Triple Riding,2025-07-05_15-19-01,violation_Triple Riding_2025-07-05_15-19-01.jpg
Triple Riding,2025-07-05_15-19-02,violation_Triple Riding_2025-07-05_15-19-02.jpg
Triple Riding,2025-07-05_15-19-02,violation_Triple Riding_2025-07-05_15-19-02.jpg
Triple Riding,2025-07-05_15-19-02,violation_Triple Riding_2025-07-05_15-19-02.jpg
Triple Riding,2025-07-05_15-19-02,violation_Triple Riding_2025-07-05_15-19-02.jpg
Triple Riding,2025-07-05_15-19-02,violation_Triple Riding_2025-07-05_15-19-02.jpg
Triple Riding,2025-07-05_15-19-02,violation_Triple Riding_2025-07-05_15-19-02.jpg
Triple Riding,2025-07-05_15-19-03,violation_Triple Riding_2025-07-05_15-19-03.jpg
Triple Riding,2025-07-05_15-19-03,violation_Triple Riding_2025-07-05_15-19-03.jpg
Triple Riding,2025-07-05_15-19-03,violation_Triple Riding_2025-07-05_15-19-03.jpg
Triple Riding,2025-07-05_15-19-03,violation_Triple Riding_2025-07-05_15-19-03.jpg
Triple Riding,2025-07-05_15-19-03,violation_Triple Riding_2025-07-05_15-19-03.jpg
Triple Riding,2025-07-05_15-19-03,violation_Triple Riding_2025-07-05_15-19-03.jpg
Triple Riding,2025-07-05_15-19-03,violation_Triple Riding_2025-07-05_15-19-03.jpg
Triple Riding,2025-07-05_15-19-04,violation_Triple Riding_2025-07-05_15-19-04.jpg
Triple Riding,2025-07-05_15-19-04,violation_Triple Riding_2025-07-05_15-19-04.jpg
Triple Riding,2025-07-05_15-19-04,violation_Triple Riding_2025-07-05_15-19-04.jpg
Triple Riding,2025-07-05_15-19-04,violation_Triple Riding_2025-07-05_15-19-04.jpg
Triple Riding,2025-07-05_15-19-04,violation_Triple Riding_2025-07-05_15-19-04.jpg
Triple Riding,2025-07-05_15-19-04,violation_Triple Riding_2025-07-05_15-19-04.jpg
Triple Riding,2025-07-05_15-19-04,violation_Triple Riding_2025-07-05_15-19-04.jpg
Triple Riding,2025-07-05_15-19-04,violation_Triple Riding_2025-07-05_15-19-04.jpg
Triple Riding,2025-07-05_15-19-05,violation_Triple Riding_2025-07-05_15-19-05.jpg
Triple Riding,2025-07-05_15-19-05,violation_Triple Riding_2025-07-05_15-19-05.jpg
Triple Riding,2025-07-05_15-19-05,violation_Triple Riding_2025-07-05_15-19-05.jpg
Triple Riding,2025-07-05_15-19-05,violation_Triple Riding_2025-07-05_15-19-05.jpg
Triple Riding,2025-07-05_15-19-05,violation_Triple Riding_2025-07-05_15-19-05.jpg
Triple Riding,2025-07-05_15-19-05,violation_Triple Riding_2025-07-05_15-19-05.jpg
Triple Riding,2025-07-05_15-19-05,violation_Triple Riding_2025-07-05_15-19-05.jpg
Triple Riding,2025-07-05_15-19-05,violation_Triple Riding_2025-07-05_15-19-05.jpg
Triple Riding,2025-07-05_15-19-05,violation_Triple Riding_2025-07-05_15-19-05.jpg
Triple Riding,2025-07-05_15-19-05,violation_Triple Riding_2025-07-05_15-19-05.jpg
Triple Riding,2025-07-05_15-19-05,violation_Triple Riding_2025-07-05_15-19-05.jpg
Triple Riding,2025-07-05_15-19-06,violation_Triple Riding_2025-07-05_15-19-06.jpg
Triple Riding,2025-07-05_15-19-06,violation_Triple Riding_2025-07-05_15-19-06.jpg
Triple Riding,2025-07-05_15-19-06,violation_Triple Riding_2025-07-05_15-19-06.jpg
Triple Riding,2025-07-05_15-19-06,violation_Triple Riding_2025-07-05_15-19-06.jpg
Triple Riding,2025-07-05_15-19-06,violation_Triple Riding_2025-07-05_15-19-06.jpg
Triple Riding,2025-07-05_15-19-06,violation_Triple Riding_2025-07-05_15-19-06.jpg
Triple Riding,2025-07-05_15-19-07,violation_Triple Riding_2025-07-05_15-19-07.jpg
Triple Riding,2025-07-05_15-19-07,violation_Triple Riding_2025-07-05_15-19-07.jpg
Triple Riding,2025-07-05_15-19-08,violation_Triple Riding_2025-07-05_15-19-08.jpg
Triple Riding,2025-07-05_15-19-08,violation_Triple Riding_2025-07-05_15-19-08.jpg
Triple Riding,2025-07-05_15-19-08,violation_Triple Riding_2025-07-05_15-19-08.jpg
Triple Riding,2025-07-05_15-19-08,violation_Triple Riding_2025-07-05_15-19-08.jpg
Triple Riding,2025-07-05_15-19-08,violation_Triple Riding_2025-07-05_15-19-08.jpg
Triple Riding,2025-07-05_15-19-08,violation_Triple Riding_2025-07-05_15-19-08.jpg
Triple Riding,2025-07-05_15-19-09,violation_Triple Riding_2025-07-05_15-19-09.jpg
Triple Riding,2025-07-05_15-19-09,violation_Triple Riding_2025-07-05_15-19-09.jpg
Triple Riding,2025-07-05_15-19-09,violation_Triple Riding_2025-07-05_15-19-09.jpg
Triple Riding,2025-07-05_15-19-09,violation_Triple Riding_2025-07-05_15-19-09.jpg
Triple Riding,2025-07-05_15-19-09,violation_Triple Riding_2025-07-05_15-19-09.jpg
Triple Riding,2025-07-05_15-19-09,violation_Triple Riding_2025-07-05_15-19-09.jpg
Triple Riding,2025-07-05_15-19-09,violation_Triple Riding_2025-07-05_15-19-09.jpg
Triple Riding,2025-07-05_15-19-09,violation_Triple Riding_2025-07-05_15-19-09.jpg
Triple Riding,2025-07-05_15-19-09,violation_Triple Riding_2025-07-05_15-19-09.jpg
Triple Riding,2025-07-05_15-19-09,violation_Triple Riding_2025-07-05_15-19-09.jpg
Triple Riding,2025-07-05_15-19-10,violation_Triple Riding_2025-07-05_15-19-10.jpg
Triple Riding,2025-07-05_15-19-10,violation_Triple Riding_2025-07-05_15-19-10.jpg
Triple Riding,2025-07-05_15-19-10,violation_Triple Riding_2025-07-05_15-19-10.jpg
Triple Riding,2025-07-05_15-19-10,violation_Triple Riding_2025-07-05_15-19-10.jpg
Triple Riding,2025-07-05_15-19-10,violation_Triple Riding_2025-07-05_15-19-10.jpg
Triple Riding,2025-07-05_15-19-10,violation_Triple Riding_2025-07-05_15-19-10.jpg
Triple Riding,2025-07-05_15-19-11,violation_Triple Riding_2025-07-05_15-19-11.jpg
Triple Riding,2025-07-05_15-19-11,violation_Triple Riding_2025-07-05_15-19-11.jpg
Triple Riding,2025-07-05_15-19-11,violation_Triple Riding_2025-07-05_15-19-11.jpg
Triple Riding,2025-07-05_15-19-11,violation_Triple Riding_2025-07-05_15-19-11.jpg
Triple Riding,2025-07-05_15-19-11,violation_Triple Riding_2025-07-05_15-19-11.jpg
Triple Riding,2025-07-05_15-19-11,violation_Triple Riding_2025-07-05_15-19-11.jpg
Triple Riding,2025-07-05_15-19-11,violation_Triple Riding_2025-07-05_15-19-11.jpg
Triple Riding,2025-07-05_15-19-11,violation_Triple Riding_2025-07-05_15-19-11.jpg
Triple Riding,2025-07-05_15-19-11,violation_Triple Riding_2025-07-05_15-19-11.jpg
Triple Riding,2025-07-05_15-19-12,violation_Triple Riding_2025-07-05_15-19-12.jpg
Triple Riding,2025-07-05_15-19-12,violation_Triple Riding_2025-07-05_15-19-12.jpg
Triple Riding,2025-07-05_15-19-12,violation_Triple Riding_2025-07-05_15-19-12.jpg
Triple Riding,2025-07-05_15-19-12,violation_Triple Riding_2025-07-05_15-19-12.jpg
Triple Riding,2025-07-05_15-19-12,violation_Triple Riding_2025-07-05_15-19-12.jpg
Triple Riding,2025-07-05_15-19-12,violation_Triple Riding_2025-07-05_15-19-12.jpg
Triple Riding,2025-07-05_15-19-13,violation_Triple Riding_2025-07-05_15-19-13.jpg
Triple Riding,2025-07-05_15-19-13,violation_Triple Riding_2025-07-05_15-19-13.jpg
Triple Riding,2025-07-05_15-19-13,violation_Triple Riding_2025-07-05_15-19-13.jpg
Triple Riding,2025-07-05_15-19-13,violation_Triple Riding_2025-07-05_15-19-13.jpg
Triple Riding,2025-07-05_15-19-13,violation_Triple Riding_2025-07-05_15-19-13.jpg
Triple Riding,2025-07-05_15-19-13,violation_Triple Riding_2025-07-05_15-19-13.jpg
Triple Riding,2025-07-05_15-19-14,violation_Triple Riding_2025-07-05_15-19-14.jpg
Triple Riding,2025-07-05_15-19-14,violation_Triple Riding_2025-07-05_15-19-14.jpg
Triple Riding,2025-07-05_15-19-14,violation_Triple Riding_2025-07-05_15-19-14.jpg
Triple Riding,2025-07-05_15-19-14,violation_Triple Riding_2025-07-05_15-19-14.jpg
Triple Riding,2025-07-05_15-19-15,violation_Triple Riding_2025-07-05_15-19-15.jpg
Triple Riding,2025-07-05_15-19-15,violation_Triple Riding_2025-07-05_15-19-15.jpg
Triple Riding,2025-07-05_15-19-15,violation_Triple Riding_2025-07-05_15-19-15.jpg
Triple Riding,2025-07-05_15-19-16,violation_Triple Riding_2025-07-05_15-19-16.jpg
Triple Riding,2025-07-05_15-19-18,violation_Triple Riding_2025-07-05_15-19-18.jpg
Triple Riding,2025-07-05_15-19-18,violation_Triple Riding_2025-07-05_15-19-18.jpg
Triple Riding,2025-07-05_15-19-18,violation_Triple Riding_2025-07-05_15-19-18.jpg
Triple Riding,2025-07-05_15-19-18,violation_Triple Riding_2025-07-05_15-19-18.jpg
Triple Riding,2025-07-05_15-19-18,violation_Triple Riding_2025-07-05_15-19-18.jpg
Triple Riding,2025-07-05_15-19-22,violation_Triple Riding_2025-07-05_15-19-22.jpg
Triple Riding,2025-07-05_15-19-22,violation_Triple Riding_2025-07-05_15-19-22.jpg
Triple Riding,2025-07-05_15-19-23,violation_Triple Riding_2025-07-05_15-19-23.jpg
Triple Riding,2025-07-05_15-19-23,violation_Triple Riding_2025-07-05_15-19-23.jpg
Triple Riding,2025-07-05_15-19-23,violation_Triple Riding_2025-07-05_15-19-23.jpg
Triple Riding,2025-07-05_15-19-23,violation_Triple Riding_2025-07-05_15-19-23.jpg
Triple Riding,2025-07-05_15-19-30,violation_Triple Riding_2025-07-05_15-19-30.jpg
Triple Riding,2025-07-05_15-19-30,violation_Triple Riding_2025-07-05_15-19-30.jpg
Helmet Violation,2025-07-05_15-21-57,Helmet Violation_2025-07-05_15-21-57.jpg
Helmet Violation,2025-07-05_15-21-57,Helmet Violation_2025-07-05_15-21-57.jpg
Helmet Violation,2025-07-05_15-21-57,Helmet Violation_2025-07-05_15-21-57.jpg
Helmet Violation,2025-07-05_15-21-57,Helmet Violation_2025-07-05_15-21-57.jpg
Helmet Violation,2025-07-05_15-21-58,Helmet Violation_2025-07-05_15-21-58.jpg
Helmet Violation,2025-07-05_15-21-58,Helmet Violation_2025-07-05_15-21-58.jpg
Helmet Violation,2025-07-05_15-21-58,Helmet Violation_2025-07-05_15-21-58.jpg
Helmet Violation,2025-07-05_15-21-58,Helmet Violation_2025-07-05_15-21-58.jpg
Helmet Violation,2025-07-05_15-21-58,Helmet Violation_2025-07-05_15-21-58.jpg
Helmet Violation,2025-07-05_15-21-58,Helmet Violation_2025-07-05_15-21-58.jpg
Helmet Violation,2025-07-05_15-21-58,Helmet Violation_2025-07-05_15-21-58.jpg
Helmet Violation,2025-07-05_15-21-59,Helmet Violation_2025-07-05_15-21-59.jpg
Helmet Violation,2025-07-05_15-21-59,Helmet Violation_2025-07-05_15-21-59.jpg
Helmet Violation,2025-07-05_15-21-59,Helmet Violation_2025-07-05_15-21-59.jpg
Helmet Violation,2025-07-05_15-21-59,Helmet Violation_2025-07-05_15-21-59.jpg
Helmet Violation,2025-07-05_15-21-59,Helmet Violation_2025-07-05_15-21-59.jpg
Helmet Violation,2025-07-05_15-21-59,Helmet Violation_2025-07-05_15-21-59.jpg
Helmet Violation,2025-07-05_15-21-59,Helmet Violation_2025-07-05_15-21-59.jpg
Helmet Violation,2025-07-05_15-21-59,Helmet Violation_2025-07-05_15-21-59.jpg
Helmet Violation,2025-07-05_15-21-59,Helmet Violation_2025-07-05_15-21-59.jpg
Helmet Violation,2025-07-05_15-21-59,Helmet Violation_2025-07-05_15-21-59.jpg
Helmet Violation,2025-07-05_15-22-00,Helmet Violation_2025-07-05_15-22-00.jpg
Helmet Violation,2025-07-05_15-22-00,Helmet Violation_2025-07-05_15-22-00.jpg
Helmet Violation,2025-07-05_15-22-00,Helmet Violation_2025-07-05_15-22-00.jpg
Helmet Violation,2025-07-05_15-22-00,Helmet Violation_2025-07-05_15-22-00.jpg
Helmet Violation,2025-07-05_15-22-00,Helmet Violation_2025-07-05_15-22-00.jpg
Helmet Violation,2025-07-05_15-22-00,Helmet Violation_2025-07-05_15-22-00.jpg
Helmet Violation,2025-07-05_15-22-00,Helmet Violation_2025-07-05_15-22-00.jpg
Helmet Violation,2025-07-05_15-22-00,Helmet Violation_2025-07-05_15-22-00.jpg
Helmet Violation,2025-07-05_15-22-00,Helmet Violation_2025-07-05_15-22-00.jpg
Helmet Violation,2025-07-05_15-22-00,Helmet Violation_2025-07-05_15-22-00.jpg
Helmet Violation,2025-07-05_15-22-00,Helmet Violation_2025-07-05_15-22-00.jpg
Helmet Violation,2025-07-05_15-22-00,Helmet Violation_2025-07-05_15-22-00.jpg
Helmet Violation,2025-07-05_15-22-00,Helmet Violation_2025-07-05_15-22-00.jpg
Helmet Violation,2025-07-05_15-22-01,Helmet Violation_2025-07-05_15-22-01.jpg
Helmet Violation,2025-07-05_15-22-01,Helmet Violation_2025-07-05_15-22-01.jpg
Helmet Violation,2025-07-05_15-22-01,Helmet Violation_2025-07-05_15-22-01.jpg
Helmet Violation,2025-07-05_15-22-01,Helmet Violation_2025-07-05_15-22-01.jpg
Helmet Violation,2025-07-05_15-22-01,Helmet Violation_2025-07-05_15-22-01.jpg
Helmet Violation,2025-07-05_15-22-01,Helmet Violation_2025-07-05_15-22-01.jpg
Helmet Violation,2025-07-05_15-22-01,Helmet Violation_2025-07-05_15-22-01.jpg
Helmet Violation,2025-07-05_15-22-01,Helmet Violation_2025-07-05_15-22-01.jpg
Helmet Violation,2025-07-05_15-22-01,Helmet Violation_2025-07-05_15-22-01.jpg
Helmet Violation,2025-07-05_15-22-01,Helmet Violation_2025-07-05_15-22-01.jpg
Helmet Violation,2025-07-05_15-22-02,Helmet Violation_2025-07-05_15-22-02.jpg
Helmet Violation,2025-07-05_15-22-02,Helmet Violation_2025-07-05_15-22-02.jpg
Helmet Violation,2025-07-05_15-22-02,Helmet Violation_2025-07-05_15-22-02.jpg
Helmet Violation,2025-07-05_15-22-02,Helmet Violation_2025-07-05_15-22-02.jpg
Helmet Violation,2025-07-05_15-22-02,Helmet Violation_2025-07-05_15-22-02.jpg
Helmet Violation,2025-07-05_15-22-02,Helmet Violation_2025-07-05_15-22-02.jpg
Helmet Violation,2025-07-05_15-22-02,Helmet Violation_2025-07-05_15-22-02.jpg
Helmet Violation,2025-07-05_15-22-02,Helmet Violation_2025-07-05_15-22-02.jpg
Helmet Violation,2025-07-05_15-22-02,Helmet Violation_2025-07-05_15-22-02.jpg
Helmet Violation,2025-07-05_15-22-02,Helmet Violation_2025-07-05_15-22-02.jpg
Helmet Violation,2025-07-05_15-22-02,Helmet Violation_2025-07-05_15-22-02.jpg
Helmet Violation,2025-07-05_15-22-02,Helmet Violation_2025-07-05_15-22-02.jpg
Helmet Violation,2025-07-05_15-22-02,Helmet Violation_2025-07-05_15-22-02.jpg
Helmet Violation,2025-07-05_15-22-02,Helmet Violation_2025-07-05_15-22-02.jpg
Helmet Violation,2025-07-05_15-22-03,Helmet Violation_2025-07-05_15-22-03.jpg
Helmet Violation,2025-07-05_15-22-03,Helmet Violation_2025-07-05_15-22-03.jpg
Helmet Violation,2025-07-05_15-22-03,Helmet Violation_2025-07-05_15-22-03.jpg
Helmet Violation,2025-07-05_15-22-03,Helmet Violation_2025-07-05_15-22-03.jpg
Helmet Violation,2025-07-05_15-22-03,Helmet Violation_2025-07-05_15-22-03.jpg
Helmet Violation,2025-07-05_15-22-03,Helmet Violation_2025-07-05_15-22-03.jpg
Helmet Violation,2025-07-05_15-22-03,Helmet Violation_2025-07-05_15-22-03.jpg
Helmet Violation,2025-07-05_15-22-03,Helmet Violation_2025-07-05_15-22-03.jpg
Helmet Violation,2025-07-05_15-22-03,Helmet Violation_2025-07-05_15-22-03.jpg
Helmet Violation,2025-07-05_15-22-03,Helmet Violation_2025-07-05_15-22-03.jpg
Helmet Violation,2025-07-05_15-22-03,Helmet Violation_2025-07-05_15-22-03.jpg
Helmet Violation,2025-07-05_15-22-04,Helmet Violation_2025-07-05_15-22-04.jpg
Helmet Violation,2025-07-05_15-22-04,Helmet Violation_2025-07-05_15-22-04.jpg
Helmet Violation,2025-07-05_15-22-04,Helmet Violation_2025-07-05_15-22-04.jpg
Helmet Violation,2025-07-05_15-22-04,Helmet Violation_2025-07-05_15-22-04.jpg
Helmet Violation,2025-07-05_15-22-04,Helmet Violation_2025-07-05_15-22-04.jpg
Helmet Violation,2025-07-05_15-22-04,Helmet Violation_2025-07-05_15-22-04.jpg
Helmet Violation,2025-07-05_15-22-04,Helmet Violation_2025-07-05_15-22-04.jpg
Helmet Violation,2025-07-05_15-22-04,Helmet Violation_2025-07-05_15-22-04.jpg
Helmet Violation,2025-07-05_15-22-04,Helmet Violation_2025-07-05_15-22-04.jpg
Helmet Violation,2025-07-05_15-22-04,Helmet Violation_2025-07-05_15-22-04.jpg
Helmet Violation,2025-07-05_15-22-04,Helmet Violation_2025-07-05_15-22-04.jpg
Helmet Violation,2025-07-05_15-22-04,Helmet Violation_2025-07-05_15-22-04.jpg
Helmet Violation,2025-07-05_15-22-04,Helmet Violation_2025-07-05_15-22-04.jpg
Helmet Violation,2025-07-05_15-22-05,Helmet Violation_2025-07-05_15-22-05.jpg
Helmet Violation,2025-07-05_15-22-05,Helmet Violation_2025-07-05_15-22-05.jpg
Helmet Violation,2025-07-05_15-22-05,Helmet Violation_2025-07-05_15-22-05.jpg
Helmet Violation,2025-07-05_15-22-05,Helmet Violation_2025-07-05_15-22-05.jpg
Helmet Violation,2025-07-05_15-22-05,Helmet Violation_2025-07-05_15-22-05.jpg
Helmet Violation,2025-07-05_15-22-05,Helmet Violation_2025-07-05_15-22-05.jpg
Helmet Violation,2025-07-05_15-22-05,Helmet Violation_2025-07-05_15-22-05.jpg
Helmet Violation,2025-07-05_15-22-06,Helmet Violation_2025-07-05_15-22-06.jpg
Helmet Violation,2025-07-05_15-22-06,Helmet Violation_2025-07-05_15-22-06.jpg
Helmet Violation,2025-07-05_15-22-06,Helmet Violation_2025-07-05_15-22-06.jpg
Helmet Violation,2025-07-05_15-22-06,Helmet Violation_2025-07-05_15-22-06.jpg
Helmet Violation,2025-07-05_15-22-06,Helmet Violation_2025-07-05_15-22-06.jpg
Helmet Violation,2025-07-05_15-22-06,Helmet Violation_2025-07-05_15-22-06.jpg
Helmet Violation,2025-07-05_15-22-06,Helmet Violation_2025-07-05_15-22-06.jpg
Helmet Violation,2025-07-05_15-22-06,Helmet Violation_2025-07-05_15-22-06.jpg
Helmet Violation,2025-07-05_15-22-07,Helmet Violation_2025-07-05_15-22-07.jpg
Helmet Violation,2025-07-05_15-22-07,Helmet Violation_2025-07-05_15-22-07.jpg
Helmet Violation,2025-07-05_15-22-07,Helmet Violation_2025-07-05_15-22-07.jpg
Helmet Violation,2025-07-05_15-22-07,Helmet Violation_2025-07-05_15-22-07.jpg
Helmet Violation,2025-07-05_15-22-07,Helmet Violation_2025-07-05_15-22-07.jpg
Helmet Violation,2025-07-05_15-22-07,Helmet Violation_2025-07-05_15-22-07.jpg
Helmet Violation,2025-07-05_15-22-07,Helmet Violation_2025-07-05_15-22-07.jpg
Helmet Violation,2025-07-05_15-22-07,Helmet Violation_2025-07-05_15-22-07.jpg
Helmet Violation,2025-07-05_15-22-08,Helmet Violation_2025-07-05_15-22-08.jpg
Helmet Violation,2025-07-05_15-22-08,Helmet Violation_2025-07-05_15-22-08.jpg
Helmet Violation,2025-07-05_15-22-08,Helmet Violation_2025-07-05_15-22-08.jpg
Helmet Violation,2025-07-05_15-22-08,Helmet Violation_2025-07-05_15-22-08.jpg
Helmet Violation,2025-07-05_15-22-08,Helmet Violation_2025-07-05_15-22-08.jpg
Helmet Violation,2025-07-05_15-22-08,Helmet Violation_2025-07-05_15-22-08.jpg
Helmet Violation,2025-07-05_15-22-08,Helmet Violation_2025-07-05_15-22-08.jpg
Helmet Violation,2025-07-05_15-22-08,Helmet Violation_2025-07-05_15-22-08.jpg
Helmet Violation,2025-07-05_15-22-08,Helmet Violation_2025-07-05_15-22-08.jpg
Helmet Violation,2025-07-05_15-22-08,Helmet Violation_2025-07-05_15-22-08.jpg
Helmet Violation,2025-07-05_15-22-08,Helmet Violation_2025-07-05_15-22-08.jpg
Helmet Violation,2025-07-05_15-22-08,Helmet Violation_2025-07-05_15-22-08.jpg
Helmet Violation,2025-07-05_15-22-08,Helmet Violation_2025-07-05_15-22-08.jpg
Helmet Violation,2025-07-05_15-22-08,Helmet Violation_2025-07-05_15-22-08.jpg
Helmet Violation,2025-07-05_15-22-09,Helmet Violation_2025-07-05_15-22-09.jpg
Helmet Violation,2025-07-05_15-22-09,Helmet Violation_2025-07-05_15-22-09.jpg
Helmet Violation,2025-07-05_15-22-09,Helmet Violation_2025-07-05_15-22-09.jpg
Helmet Violation,2025-07-05_15-22-09,Helmet Violation_2025-07-05_15-22-09.jpg
Helmet Violation,2025-07-05_15-22-09,Helmet Violation_2025-07-05_15-22-09.jpg
Helmet Violation,2025-07-05_15-22-09,Helmet Violation_2025-07-05_15-22-09.jpg
Helmet Violation,2025-07-05_15-22-09,Helmet Violation_2025-07-05_15-22-09.jpg
Helmet Violation,2025-07-05_15-22-09,Helmet Violation_2025-07-05_15-22-09.jpg
Helmet Violation,2025-07-05_15-22-09,Helmet Violation_2025-07-05_15-22-09.jpg
Helmet Violation,2025-07-05_15-22-09,Helmet Violation_2025-07-05_15-22-09.jpg
Helmet Violation,2025-07-05_15-22-09,Helmet Violation_2025-07-05_15-22-09.jpg
Helmet Violation,2025-07-05_15-22-09,Helmet Violation_2025-07-05_15-22-09.jpg
Helmet Violation,2025-07-05_15-22-10,Helmet Violation_2025-07-05_15-22-10.jpg
Helmet Violation,2025-07-05_15-22-10,Helmet Violation_2025-07-05_15-22-10.jpg
Helmet Violation,2025-07-05_15-22-10,Helmet Violation_2025-07-05_15-22-10.jpg
Helmet Violation,2025-07-05_15-22-10,Helmet Violation_2025-07-05_15-22-10.jpg
Helmet Violation,2025-07-05_15-22-10,Helmet Violation_2025-07-05_15-22-10.jpg
Helmet Violation,2025-07-05_15-22-10,Helmet Violation_2025-07-05_15-22-10.jpg
Helmet Violation,2025-07-05_15-22-10,Helmet Violation_2025-07-05_15-22-10.jpg
Helmet Violation,2025-07-05_15-22-10,Helmet Violation_2025-07-05_15-22-10.jpg
Helmet Violation,2025-07-05_15-22-10,Helmet Violation_2025-07-05_15-22-10.jpg
Helmet Violation,2025-07-05_15-22-10,Helmet Violation_2025-07-05_15-22-10.jpg
Helmet Violation,2025-07-05_15-22-11,Helmet Violation_2025-07-05_15-22-11.jpg
Helmet Violation,2025-07-05_15-22-11,Helmet Violation_2025-07-05_15-22-11.jpg
Helmet Violation,2025-07-05_15-22-11,Helmet Violation_2025-07-05_15-22-11.jpg
Helmet Violation,2025-07-05_15-22-11,Helmet Violation_2025-07-05_15-22-11.jpg
Helmet Violation,2025-07-05_15-22-11,Helmet Violation_2025-07-05_15-22-11.jpg
Helmet Violation,2025-07-05_15-22-11,Helmet Violation_2025-07-05_15-22-11.jpg
Helmet Violation,2025-07-05_15-22-11,Helmet Violation_2025-07-05_15-22-11.jpg
Helmet Violation,2025-07-05_15-22-11,Helmet Violation_2025-07-05_15-22-11.jpg
Helmet Violation,2025-07-05_15-22-11,Helmet Violation_2025-07-05_15-22-11.jpg
Helmet Violation,2025-07-05_15-22-11,Helmet Violation_2025-07-05_15-22-11.jpg
Helmet Violation,2025-07-05_15-22-11,Helmet Violation_2025-07-05_15-22-11.jpg
Helmet Violation,2025-07-05_15-22-11,Helmet Violation_2025-07-05_15-22-11.jpg
Helmet Violation,2025-07-05_15-22-11,Helmet Violation_2025-07-05_15-22-11.jpg
Helmet Violation,2025-07-05_15-22-12,Helmet Violation_2025-07-05_15-22-12.jpg
Helmet Violation,2025-07-05_15-22-12,Helmet Violation_2025-07-05_15-22-12.jpg
Helmet Violation,2025-07-05_15-22-12,Helmet Violation_2025-07-05_15-22-12.jpg
Helmet Violation,2025-07-05_15-22-12,Helmet Violation_2025-07-05_15-22-12.jpg
Helmet Violation,2025-07-05_15-22-12,Helmet Violation_2025-07-05_15-22-12.jpg
Helmet Violation,2025-07-05_15-22-12,Helmet Violation_2025-07-05_15-22-12.jpg
Helmet Violation,2025-07-05_15-22-12,Helmet Violation_2025-07-05_15-22-12.jpg
Helmet Violation,2025-07-05_15-22-12,Helmet Violation_2025-07-05_15-22-12.jpg
Helmet Violation,2025-07-05_15-22-12,Helmet Violation_2025-07-05_15-22-12.jpg
Helmet Violation,2025-07-05_15-22-12,Helmet Violation_2025-07-05_15-22-12.jpg
Helmet Violation,2025-07-05_15-22-12,Helmet Violation_2025-07-05_15-22-12.jpg
Helmet Violation,2025-07-05_15-22-12,Helmet Violation_2025-07-05_15-22-12.jpg
Helmet Violation,2025-07-05_15-22-12,Helmet Violation_2025-07-05_15-22-12.jpg
Helmet Violation,2025-07-05_15-22-12,Helmet Violation_2025-07-05_15-22-12.jpg
Helmet Violation,2025-07-05_15-22-12,Helmet Violation_2025-07-05_15-22-12.jpg
Helmet Violation,2025-07-05_15-22-13,Helmet Violation_2025-07-05_15-22-13.jpg
Helmet Violation,2025-07-05_15-22-13,Helmet Violation_2025-07-05_15-22-13.jpg
Helmet Violation,2025-07-05_15-22-13,Helmet Violation_2025-07-05_15-22-13.jpg
Helmet Violation,2025-07-05_15-22-13,Helmet Violation_2025-07-05_15-22-13.jpg
Helmet Violation,2025-07-05_15-22-13,Helmet Violation_2025-07-05_15-22-13.jpg
Helmet Violation,2025-07-05_15-22-13,Helmet Violation_2025-07-05_15-22-13.jpg
Helmet Violation,2025-07-05_15-22-13,Helmet Violation_2025-07-05_15-22-13.jpg
Helmet Violation,2025-07-05_15-22-13,Helmet Violation_2025-07-05_15-22-13.jpg
Helmet Violation,2025-07-05_15-22-13,Helmet Violation_2025-07-05_15-22-13.jpg
Helmet Violation,2025-07-05_15-22-13,Helmet Violation_2025-07-05_15-22-13.jpg
Helmet Violation,2025-07-05_15-22-13,Helmet Violation_2025-07-05_15-22-13.jpg
Helmet Violation,2025-07-05_15-22-13,Helmet Violation_2025-07-05_15-22-13.jpg
Helmet Violation,2025-07-05_15-22-14,Helmet Violation_2025-07-05_15-22-14.jpg
Helmet Violation,2025-07-05_15-22-14,Helmet Violation_2025-07-05_15-22-14.jpg
Helmet Violation,2025-07-05_15-22-14,Helmet Violation_2025-07-05_15-22-14.jpg
Helmet Violation,2025-07-05_15-22-14,Helmet Violation_2025-07-05_15-22-14.jpg
Helmet Violation,2025-07-05_15-22-14,Helmet Violation_2025-07-05_15-22-14.jpg
Helmet Violation,2025-07-05_15-22-14,Helmet Violation_2025-07-05_15-22-14.jpg
Helmet Violation,2025-07-05_15-22-14,Helmet Violation_2025-07-05_15-22-14.jpg
Helmet Violation,2025-07-05_15-22-14,Helmet Violation_2025-07-05_15-22-14.jpg
Helmet Violation,2025-07-05_15-22-14,Helmet Violation_2025-07-05_15-22-14.jpg
Helmet Violation,2025-07-05_15-22-14,Helmet Violation_2025-07-05_15-22-14.jpg
Helmet Violation,2025-07-05_15-22-14,Helmet Violation_2025-07-05_15-22-14.jpg
Helmet Violation,2025-07-05_15-22-14,Helmet Violation_2025-07-05_15-22-14.jpg
Helmet Violation,2025-07-05_15-22-14,Helmet Violation_2025-07-05_15-22-14.jpg
Helmet Violation,2025-07-05_15-22-14,Helmet Violation_2025-07-05_15-22-14.jpg
Helmet Violation,2025-07-05_15-22-15,Helmet Violation_2025-07-05_15-22-15.jpg
Helmet Violation,2025-07-05_15-22-15,Helmet Violation_2025-07-05_15-22-15.jpg
Helmet Violation,2025-07-05_15-22-15,Helmet Violation_2025-07-05_15-22-15.jpg
Helmet Violation,2025-07-05_15-22-15,Helmet Violation_2025-07-05_15-22-15.jpg
Helmet Violation,2025-07-05_15-22-15,Helmet Violation_2025-07-05_15-22-15.jpg
Helmet Violation,2025-07-05_15-22-15,Helmet Violation_2025-07-05_15-22-15.jpg
Helmet Violation,2025-07-05_15-22-15,Helmet Violation_2025-07-05_15-22-15.jpg
Helmet Violation,2025-07-05_15-22-15,Helmet Violation_2025-07-05_15-22-15.jpg
Helmet Violation,2025-07-05_15-22-15,Helmet Violation_2025-07-05_15-22-15.jpg
Helmet Violation,2025-07-05_15-22-15,Helmet Violation_2025-07-05_15-22-15.jpg
Helmet Violation,2025-07-05_15-22-15,Helmet Violation_2025-07-05_15-22-15.jpg
Helmet Violation,2025-07-05_15-22-15,Helmet Violation_2025-07-05_15-22-15.jpg
Helmet Violation,2025-07-05_15-22-15,Helmet Violation_2025-07-05_15-22-15.jpg
Helmet Violation,2025-07-05_15-22-15,Helmet Violation_2025-07-05_15-22-15.jpg
Helmet Violation,2025-07-05_15-22-15,Helmet Violation_2025-07-05_15-22-15.jpg
Helmet Violation,2025-07-05_15-22-16,Helmet Violation_2025-07-05_15-22-16.jpg
Helmet Violation,2025-07-05_15-22-16,Helmet Violation_2025-07-05_15-22-16.jpg
Helmet Violation,2025-07-05_15-22-16,Helmet Violation_2025-07-05_15-22-16.jpg
Helmet Violation,2025-07-05_15-22-16,Helmet Violation_2025-07-05_15-22-16.jpg
Helmet Violation,2025-07-05_15-22-16,Helmet Violation_2025-07-05_15-22-16.jpg
Helmet Violation,2025-07-05_15-22-16,Helmet Violation_2025-07-05_15-22-16.jpg
Helmet Violation,2025-07-05_15-22-16,Helmet Violation_2025-07-05_15-22-16.jpg
Helmet Violation,2025-07-05_15-22-16,Helmet Violation_2025-07-05_15-22-16.jpg
Helmet Violation,2025-07-05_15-22-16,Helmet Violation_2025-07-05_15-22-16.jpg
Helmet Violation,2025-07-05_15-22-16,Helmet Violation_2025-07-05_15-22-16.jpg
Helmet Violation,2025-07-05_15-22-16,Helmet Violation_2025-07-05_15-22-16.jpg
Helmet Violation,2025-07-05_15-22-17,Helmet Violation_2025-07-05_15-22-17.jpg
Helmet Violation,2025-07-05_15-22-17,Helmet Violation_2025-07-05_15-22-17.jpg
Helmet Violation,2025-07-05_15-22-17,Helmet Violation_2025-07-05_15-22-17.jpg
Helmet Violation,2025-07-05_15-22-17,Helmet Violation_2025-07-05_15-22-17.jpg
Helmet Violation,2025-07-05_15-22-17,Helmet Violation_2025-07-05_15-22-17.jpg
Helmet Violation,2025-07-05_15-22-17,Helmet Violation_2025-07-05_15-22-17.jpg
Helmet Violation,2025-07-05_15-22-17,Helmet Violation_2025-07-05_15-22-17.jpg
Helmet Violation,2025-07-05_15-22-17,Helmet Violation_2025-07-05_15-22-17.jpg
Helmet Violation,2025-07-05_15-22-17,Helmet Violation_2025-07-05_15-22-17.jpg
Helmet Violation,2025-07-05_15-22-17,Helmet Violation_2025-07-05_15-22-17.jpg
Helmet Violation,2025-07-05_15-22-17,Helmet Violation_2025-07-05_15-22-17.jpg
Helmet Violation,2025-07-05_15-22-17,Helmet Violation_2025-07-05_15-22-17.jpg
Helmet Violation,2025-07-05_15-22-17,Helmet Violation_2025-07-05_15-22-17.jpg
Helmet Violation,2025-07-05_15-22-17,Helmet Violation_2025-07-05_15-22-17.jpg
Helmet Violation,2025-07-05_15-22-17,Helmet Violation_2025-07-05_15-22-17.jpg
Helmet Violation,2025-07-05_15-22-18,Helmet Violation_2025-07-05_15-22-18.jpg
Helmet Violation,2025-07-05_15-22-18,Helmet Violation_2025-07-05_15-22-18.jpg
Helmet Violation,2025-07-05_15-22-18,Helmet Violation_2025-07-05_15-22-18.jpg
Helmet Violation,2025-07-05_15-22-18,Helmet Violation_2025-07-05_15-22-18.jpg
Helmet Violation,2025-07-05_15-22-18,Helmet Violation_2025-07-05_15-22-18.jpg
Helmet Violation,2025-07-05_15-22-18,Helmet Violation_2025-07-05_15-22-18.jpg
Helmet Violation,2025-07-05_15-22-18,Helmet Violation_2025-07-05_15-22-18.jpg
Helmet Violation,2025-07-05_15-22-18,Helmet Violation_2025-07-05_15-22-18.jpg
Helmet Violation,2025-07-05_15-22-18,Helmet Violation_2025-07-05_15-22-18.jpg
Helmet Violation,2025-07-05_15-22-18,Helmet Violation_2025-07-05_15-22-18.jpg
Helmet Violation,2025-07-05_15-22-18,Helmet Violation_2025-07-05_15-22-18.jpg
Helmet Violation,2025-07-05_15-22-18,Helmet Violation_2025-07-05_15-22-18.jpg
Helmet Violation,2025-07-05_15-22-19,Helmet Violation_2025-07-05_15-22-19.jpg
Helmet Violation,2025-07-05_15-22-19,Helmet Violation_2025-07-05_15-22-19.jpg
Helmet Violation,2025-07-05_15-22-19,Helmet Violation_2025-07-05_15-22-19.jpg
Helmet Violation,2025-07-05_15-22-19,Helmet Violation_2025-07-05_15-22-19.jpg
Helmet Violation,2025-07-05_15-22-19,Helmet Violation_2025-07-05_15-22-19.jpg
Helmet Violation,2025-07-05_15-22-19,Helmet Violation_2025-07-05_15-22-19.jpg
Helmet Violation,2025-07-05_15-22-19,Helmet Violation_2025-07-05_15-22-19.jpg
Helmet Violation,2025-07-05_15-22-19,Helmet Violation_2025-07-05_15-22-19.jpg
Helmet Violation,2025-07-05_15-22-19,Helmet Violation_2025-07-05_15-22-19.jpg
Helmet Violation,2025-07-05_15-22-19,Helmet Violation_2025-07-05_15-22-19.jpg
Helmet Violation,2025-07-05_15-22-19,Helmet Violation_2025-07-05_15-22-19.jpg
Helmet Violation,2025-07-05_15-22-20,Helmet Violation_2025-07-05_15-22-20.jpg
Helmet Violation,2025-07-05_15-22-20,Helmet Violation_2025-07-05_15-22-20.jpg
Helmet Violation,2025-07-05_15-22-20,Helmet Violation_2025-07-05_15-22-20.jpg
Helmet Violation,2025-07-05_15-22-20,Helmet Violation_2025-07-05_15-22-20.jpg
Helmet Violation,2025-07-05_15-22-20,Helmet Violation_2025-07-05_15-22-20.jpg
Helmet Violation,2025-07-05_15-22-20,Helmet Violation_2025-07-05_15-22-20.jpg
Helmet Violation,2025-07-05_15-22-20,Helmet Violation_2025-07-05_15-22-20.jpg
Helmet Violation,2025-07-05_15-22-20,Helmet Violation_2025-07-05_15-22-20.jpg
Helmet Violation,2025-07-05_15-22-20,Helmet Violation_2025-07-05_15-22-20.jpg
Helmet Violation,2025-07-05_15-22-20,Helmet Violation_2025-07-05_15-22-20.jpg
Helmet Violation,2025-07-05_15-22-20,Helmet Violation_2025-07-05_15-22-20.jpg
Helmet Violation,2025-07-05_15-22-20,Helmet Violation_2025-07-05_15-22-20.jpg
Helmet Violation,2025-07-05_15-22-20,Helmet Violation_2025-07-05_15-22-20.jpg
Helmet Violation,2025-07-05_15-22-20,Helmet Violation_2025-07-05_15-22-20.jpg
Helmet Violation,2025-07-05_15-22-21,Helmet Violation_2025-07-05_15-22-21.jpg
Helmet Violation,2025-07-05_15-22-21,Helmet Violation_2025-07-05_15-22-21.jpg
Helmet Violation,2025-07-05_15-22-21,Helmet Violation_2025-07-05_15-22-21.jpg
Helmet Violation,2025-07-05_15-22-21,Helmet Violation_2025-07-05_15-22-21.jpg
Helmet Violation,2025-07-05_15-22-21,Helmet Violation_2025-07-05_15-22-21.jpg
Helmet Violation,2025-07-05_15-22-21,Helmet Violation_2025-07-05_15-22-21.jpg
Helmet Violation,2025-07-05_15-22-21,Helmet Violation_2025-07-05_15-22-21.jpg
Helmet Violation,2025-07-05_15-22-21,Helmet Violation_2025-07-05_15-22-21.jpg
Helmet Violation,2025-07-05_15-22-21,Helmet Violation_2025-07-05_15-22-21.jpg
Helmet Violation,2025-07-05_15-22-21,Helmet Violation_2025-07-05_15-22-21.jpg
Helmet Violation,2025-07-05_15-22-21,Helmet Violation_2025-07-05_15-22-21.jpg
Helmet Violation,2025-07-05_15-22-21,Helmet Violation_2025-07-05_15-22-21.jpg
Helmet Violation,2025-07-05_15-22-21,Helmet Violation_2025-07-05_15-22-21.jpg
Helmet Violation,2025-07-05_15-22-22,Helmet Violation_2025-07-05_15-22-22.jpg
Helmet Violation,2025-07-05_15-22-22,Helmet Violation_2025-07-05_15-22-22.jpg
Helmet Violation,2025-07-05_15-22-22,Helmet Violation_2025-07-05_15-22-22.jpg
Helmet Violation,2025-07-05_15-22-22,Helmet Violation_2025-07-05_15-22-22.jpg
Helmet Violation,2025-07-05_15-22-22,Helmet Violation_2025-07-05_15-22-22.jpg
Helmet Violation,2025-07-05_15-22-22,Helmet Violation_2025-07-05_15-22-22.jpg
Helmet Violation,2025-07-05_15-22-22,Helmet Violation_2025-07-05_15-22-22.jpg
Helmet Violation,2025-07-05_15-22-22,Helmet Violation_2025-07-05_15-22-22.jpg
Helmet Violation,2025-07-05_15-22-22,Helmet Violation_2025-07-05_15-22-22.jpg
Helmet Violation,2025-07-05_15-22-22,Helmet Violation_2025-07-05_15-22-22.jpg
Helmet Violation,2025-07-05_15-22-22,Helmet Violation_2025-07-05_15-22-22.jpg
Helmet Violation,2025-07-05_15-22-22,Helmet Violation_2025-07-05_15-22-22.jpg
Helmet Violation,2025-07-05_15-22-22,Helmet Violation_2025-07-05_15-22-22.jpg
Helmet Violation,2025-07-05_15-22-22,Helmet Violation_2025-07-05_15-22-22.jpg
Helmet Violation,2025-07-05_15-22-22,Helmet Violation_2025-07-05_15-22-22.jpg
Helmet Violation,2025-07-05_15-22-23,Helmet Violation_2025-07-05_15-22-23.jpg
Helmet Violation,2025-07-05_15-22-23,Helmet Violation_2025-07-05_15-22-23.jpg
Helmet Violation,2025-07-05_15-22-23,Helmet Violation_2025-07-05_15-22-23.jpg
Helmet Violation,2025-07-05_15-22-23,Helmet Violation_2025-07-05_15-22-23.jpg
Helmet Violation,2025-07-05_15-22-23,Helmet Violation_2025-07-05_15-22-23.jpg
Helmet Violation,2025-07-05_15-22-23,Helmet Violation_2025-07-05_15-22-23.jpg
Helmet Violation,2025-07-05_15-22-23,Helmet Violation_2025-07-05_15-22-23.jpg
Helmet Violation,2025-07-05_15-22-23,Helmet Violation_2025-07-05_15-22-23.jpg
Helmet Violation,2025-07-05_15-22-23,Helmet Violation_2025-07-05_15-22-23.jpg
Helmet Violation,2025-07-05_15-22-23,Helmet Violation_2025-07-05_15-22-23.jpg
Helmet Violation,2025-07-05_15-22-23,Helmet Violation_2025-07-05_15-22-23.jpg
Helmet Violation,2025-07-05_15-22-23,Helmet Violation_2025-07-05_15-22-23.jpg
Helmet Violation,2025-07-05_15-22-24,Helmet Violation_2025-07-05_15-22-24.jpg
Helmet Violation,2025-07-05_15-22-24,Helmet Violation_2025-07-05_15-22-24.jpg
Helmet Violation,2025-07-05_15-22-24,Helmet Violation_2025-07-05_15-22-24.jpg
Helmet Violation,2025-07-05_15-22-24,Helmet Violation_2025-07-05_15-22-24.jpg
Helmet Violation,2025-07-05_15-22-24,Helmet Violation_2025-07-05_15-22-24.jpg
Helmet Violation,2025-07-05_15-22-24,Helmet Violation_2025-07-05_15-22-24.jpg
Helmet Violation,2025-07-05_15-22-24,Helmet Violation_2025-07-05_15-22-24.jpg
Helmet Violation,2025-07-05_15-22-24,Helmet Violation_2025-07-05_15-22-24.jpg
Helmet Violation,2025-07-05_15-22-24,Helmet Violation_2025-07-05_15-22-24.jpg
Helmet Violation,2025-07-05_15-22-24,Helmet Violation_2025-07-05_15-22-24.jpg
Helmet Violation,2025-07-05_15-22-24,Helmet Violation_2025-07-05_15-22-24.jpg
Helmet Violation,2025-07-05_15-22-24,Helmet Violation_2025-07-05_15-22-24.jpg
Helmet Violation,2025-07-05_15-22-24,Helmet Violation_2025-07-05_15-22-24.jpg
Helmet Violation,2025-07-05_15-22-24,Helmet Violation_2025-07-05_15-22-24.jpg
Helmet Violation,2025-07-05_15-22-24,Helmet Violation_2025-07-05_15-22-24.jpg
Helmet Violation,2025-07-05_15-22-25,Helmet Violation_2025-07-05_15-22-25.jpg
Helmet Violation,2025-07-05_15-22-25,Helmet Violation_2025-07-05_15-22-25.jpg
Helmet Violation,2025-07-05_15-22-25,Helmet Violation_2025-07-05_15-22-25.jpg
Helmet Violation,2025-07-05_15-22-25,Helmet Violation_2025-07-05_15-22-25.jpg
Helmet Violation,2025-07-05_15-22-25,Helmet Violation_2025-07-05_15-22-25.jpg
Helmet Violation,2025-07-05_15-22-25,Helmet Violation_2025-07-05_15-22-25.jpg
Helmet Violation,2025-07-05_15-22-25,Helmet Violation_2025-07-05_15-22-25.jpg
Helmet Violation,2025-07-05_15-22-25,Helmet Violation_2025-07-05_15-22-25.jpg
Helmet Violation,2025-07-05_15-22-25,Helmet Violation_2025-07-05_15-22-25.jpg
Helmet Violation,2025-07-05_15-22-25,Helmet Violation_2025-07-05_15-22-25.jpg
Helmet Violation,2025-07-05_15-22-25,Helmet Violation_2025-07-05_15-22-25.jpg
Helmet Violation,2025-07-05_15-22-25,Helmet Violation_2025-07-05_15-22-25.jpg
Helmet Violation,2025-07-05_15-22-25,Helmet Violation_2025-07-05_15-22-25.jpg
Helmet Violation,2025-07-05_15-22-25,Helmet Violation_2025-07-05_15-22-25.jpg
Helmet Violation,2025-07-05_15-22-25,Helmet Violation_2025-07-05_15-22-25.jpg
Helmet Violation,2025-07-05_15-22-25,Helmet Violation_2025-07-05_15-22-25.jpg
Helmet Violation,2025-07-05_15-22-26,Helmet Violation_2025-07-05_15-22-26.jpg
Helmet Violation,2025-07-05_15-22-26,Helmet Violation_2025-07-05_15-22-26.jpg
Helmet Violation,2025-07-05_15-22-26,Helmet Violation_2025-07-05_15-22-26.jpg
Helmet Violation,2025-07-05_15-22-26,Helmet Violation_2025-07-05_15-22-26.jpg
Helmet Violation,2025-07-05_15-22-26,Helmet Violation_2025-07-05_15-22-26.jpg
Helmet Violation,2025-07-05_15-22-26,Helmet Violation_2025-07-05_15-22-26.jpg
Helmet Violation,2025-07-05_15-22-26,Helmet Violation_2025-07-05_15-22-26.jpg
Helmet Violation,2025-07-05_15-22-26,Helmet Violation_2025-07-05_15-22-26.jpg
Helmet Violation,2025-07-05_15-22-26,Helmet Violation_2025-07-05_15-22-26.jpg
Helmet Violation,2025-07-05_15-22-26,Helmet Violation_2025-07-05_15-22-26.jpg
Helmet Violation,2025-07-05_15-22-26,Helmet Violation_2025-07-05_15-22-26.jpg
Helmet Violation,2025-07-05_15-22-27,Helmet Violation_2025-07-05_15-22-27.jpg
Helmet Violation,2025-07-05_15-22-27,Helmet Violation_2025-07-05_15-22-27.jpg
Helmet Violation,2025-07-05_15-22-27,Helmet Violation_2025-07-05_15-22-27.jpg
Helmet Violation,2025-07-05_15-22-27,Helmet Violation_2025-07-05_15-22-27.jpg
Helmet Violation,2025-07-05_15-22-27,Helmet Violation_2025-07-05_15-22-27.jpg
Helmet Violation,2025-07-05_15-22-27,Helmet Violation_2025-07-05_15-22-27.jpg
Helmet Violation,2025-07-05_15-22-27,Helmet Violation_2025-07-05_15-22-27.jpg
Helmet Violation,2025-07-05_15-22-27,Helmet Violation_2025-07-05_15-22-27.jpg
Helmet Violation,2025-07-05_15-22-27,Helmet Violation_2025-07-05_15-22-27.jpg
Helmet Violation,2025-07-05_15-22-27,Helmet Violation_2025-07-05_15-22-27.jpg
Helmet Violation,2025-07-05_15-22-27,Helmet Violation_2025-07-05_15-22-27.jpg
Helmet Violation,2025-07-05_15-22-27,Helmet Violation_2025-07-05_15-22-27.jpg
Helmet Violation,2025-07-05_15-22-27,Helmet Violation_2025-07-05_15-22-27.jpg
Helmet Violation,2025-07-05_15-22-27,Helmet Violation_2025-07-05_15-22-27.jpg
Helmet Violation,2025-07-05_15-22-28,Helmet Violation_2025-07-05_15-22-28.jpg
Helmet Violation,2025-07-05_15-22-28,Helmet Violation_2025-07-05_15-22-28.jpg
Helmet Violation,2025-07-05_15-22-28,Helmet Violation_2025-07-05_15-22-28.jpg
Helmet Violation,2025-07-05_15-22-28,Helmet Violation_2025-07-05_15-22-28.jpg
Helmet Violation,2025-07-05_15-22-28,Helmet Violation_2025-07-05_15-22-28.jpg
Helmet Violation,2025-07-05_15-22-28,Helmet Violation_2025-07-05_15-22-28.jpg
Helmet Violation,2025-07-05_15-22-28,Helmet Violation_2025-07-05_15-22-28.jpg
Helmet Violation,2025-07-05_15-22-28,Helmet Violation_2025-07-05_15-22-28.jpg
Helmet Violation,2025-07-05_15-22-28,Helmet Violation_2025-07-05_15-22-28.jpg
Helmet Violation,2025-07-05_15-22-28,Helmet Violation_2025-07-05_15-22-28.jpg
Helmet Violation,2025-07-05_15-22-28,Helmet Violation_2025-07-05_15-22-28.jpg
Helmet Violation,2025-07-05_15-22-29,Helmet Violation_2025-07-05_15-22-29.jpg
Helmet Violation,2025-07-05_15-22-29,Helmet Violation_2025-07-05_15-22-29.jpg
Helmet Violation,2025-07-05_15-22-29,Helmet Violation_2025-07-05_15-22-29.jpg
Helmet Violation,2025-07-05_15-22-29,Helmet Violation_2025-07-05_15-22-29.jpg
Helmet Violation,2025-07-05_15-22-29,Helmet Violation_2025-07-05_15-22-29.jpg
Helmet Violation,2025-07-05_15-22-29,Helmet Violation_2025-07-05_15-22-29.jpg
Helmet Violation,2025-07-05_15-22-29,Helmet Violation_2025-07-05_15-22-29.jpg
Helmet Violation,2025-07-05_15-22-29,Helmet Violation_2025-07-05_15-22-29.jpg
Helmet Violation,2025-07-05_15-22-29,Helmet Violation_2025-07-05_15-22-29.jpg
Helmet Violation,2025-07-05_15-22-29,Helmet Violation_2025-07-05_15-22-29.jpg
Helmet Violation,2025-07-05_15-22-29,Helmet Violation_2025-07-05_15-22-29.jpg
Helmet Violation,2025-07-05_15-22-29,Helmet Violation_2025-07-05_15-22-29.jpg
Helmet Violation,2025-07-05_15-22-29,Helmet Violation_2025-07-05_15-22-29.jpg
Helmet Violation,2025-07-05_15-22-29,Helmet Violation_2025-07-05_15-22-29.jpg
Helmet Violation,2025-07-05_15-22-30,Helmet Violation_2025-07-05_15-22-30.jpg
Helmet Violation,2025-07-05_15-22-30,Helmet Violation_2025-07-05_15-22-30.jpg
Helmet Violation,2025-07-05_15-22-30,Helmet Violation_2025-07-05_15-22-30.jpg
Helmet Violation,2025-07-05_15-22-30,Helmet Violation_2025-07-05_15-22-30.jpg
Helmet Violation,2025-07-05_15-22-30,Helmet Violation_2025-07-05_15-22-30.jpg
Helmet Violation,2025-07-05_15-22-30,Helmet Violation_2025-07-05_15-22-30.jpg
Helmet Violation,2025-07-05_15-22-30,Helmet Violation_2025-07-05_15-22-30.jpg
Helmet Violation,2025-07-05_15-22-30,Helmet Violation_2025-07-05_15-22-30.jpg
Helmet Violation,2025-07-05_15-22-30,Helmet Violation_2025-07-05_15-22-30.jpg
Helmet Violation,2025-07-05_15-22-30,Helmet Violation_2025-07-05_15-22-30.jpg
Helmet Violation,2025-07-05_15-22-30,Helmet Violation_2025-07-05_15-22-30.jpg
Helmet Violation,2025-07-05_15-22-30,Helmet Violation_2025-07-05_15-22-30.jpg
Helmet Violation,2025-07-05_15-22-30,Helmet Violation_2025-07-05_15-22-30.jpg
Helmet Violation,2025-07-05_15-22-30,Helmet Violation_2025-07-05_15-22-30.jpg
Helmet Violation,2025-07-05_15-22-30,Helmet Violation_2025-07-05_15-22-30.jpg
Helmet Violation,2025-07-05_15-22-30,Helmet Violation_2025-07-05_15-22-30.jpg
Helmet Violation,2025-07-05_15-22-31,Helmet Violation_2025-07-05_15-22-31.jpg
Helmet Violation,2025-07-05_15-22-31,Helmet Violation_2025-07-05_15-22-31.jpg
Helmet Violation,2025-07-05_15-22-31,Helmet Violation_2025-07-05_15-22-31.jpg
Helmet Violation,2025-07-05_15-22-31,Helmet Violation_2025-07-05_15-22-31.jpg
Helmet Violation,2025-07-05_15-22-31,Helmet Violation_2025-07-05_15-22-31.jpg
Helmet Violation,2025-07-05_15-22-31,Helmet Violation_2025-07-05_15-22-31.jpg
Helmet Violation,2025-07-05_15-22-31,Helmet Violation_2025-07-05_15-22-31.jpg
Helmet Violation,2025-07-05_15-22-31,Helmet Violation_2025-07-05_15-22-31.jpg
Helmet Violation,2025-07-05_15-22-31,Helmet Violation_2025-07-05_15-22-31.jpg
Helmet Violation,2025-07-05_15-22-31,Helmet Violation_2025-07-05_15-22-31.jpg
Helmet Violation,2025-07-05_15-22-31,Helmet Violation_2025-07-05_15-22-31.jpg
Helmet Violation,2025-07-05_15-22-31,Helmet Violation_2025-07-05_15-22-31.jpg
Helmet Violation,2025-07-05_15-22-31,Helmet Violation_2025-07-05_15-22-31.jpg
Helmet Violation,2025-07-05_15-22-31,Helmet Violation_2025-07-05_15-22-31.jpg
Helmet Violation,2025-07-05_15-22-31,Helmet Violation_2025-07-05_15-22-31.jpg
Helmet Violation,2025-07-05_15-22-32,Helmet Violation_2025-07-05_15-22-32.jpg
Helmet Violation,2025-07-05_15-22-32,Helmet Violation_2025-07-05_15-22-32.jpg
Helmet Violation,2025-07-05_15-22-32,Helmet Violation_2025-07-05_15-22-32.jpg
Helmet Violation,2025-07-05_15-22-32,Helmet Violation_2025-07-05_15-22-32.jpg
Helmet Violation,2025-07-05_15-22-32,Helmet Violation_2025-07-05_15-22-32.jpg
Helmet Violation,2025-07-05_15-22-32,Helmet Violation_2025-07-05_15-22-32.jpg
Helmet Violation,2025-07-05_15-22-32,Helmet Violation_2025-07-05_15-22-32.jpg
Helmet Violation,2025-07-05_15-22-32,Helmet Violation_2025-07-05_15-22-32.jpg
Helmet Violation,2025-07-05_15-22-32,Helmet Violation_2025-07-05_15-22-32.jpg
Helmet Violation,2025-07-05_15-22-32,Helmet Violation_2025-07-05_15-22-32.jpg
Helmet Violation,2025-07-05_15-22-32,Helmet Violation_2025-07-05_15-22-32.jpg
Helmet Violation,2025-07-05_15-22-32,Helmet Violation_2025-07-05_15-22-32.jpg
Helmet Violation,2025-07-05_15-22-32,Helmet Violation_2025-07-05_15-22-32.jpg
Helmet Violation,2025-07-05_15-22-32,Helmet Violation_2025-07-05_15-22-32.jpg
Helmet Violation,2025-07-05_15-22-32,Helmet Violation_2025-07-05_15-22-32.jpg
Helmet Violation,2025-07-05_15-22-33,Helmet Violation_2025-07-05_15-22-33.jpg
Helmet Violation,2025-07-05_15-22-33,Helmet Violation_2025-07-05_15-22-33.jpg
Helmet Violation,2025-07-05_15-22-33,Helmet Violation_2025-07-05_15-22-33.jpg
Helmet Violation,2025-07-05_15-22-33,Helmet Violation_2025-07-05_15-22-33.jpg
Helmet Violation,2025-07-05_15-22-33,Helmet Violation_2025-07-05_15-22-33.jpg
Helmet Violation,2025-07-05_15-22-33,Helmet Violation_2025-07-05_15-22-33.jpg
Helmet Violation,2025-07-05_15-22-33,Helmet Violation_2025-07-05_15-22-33.jpg
Helmet Violation,2025-07-05_15-22-33,Helmet Violation_2025-07-05_15-22-33.jpg
Helmet Violation,2025-07-05_15-22-33,Helmet Violation_2025-07-05_15-22-33.jpg
Helmet Violation,2025-07-05_15-22-33,Helmet Violation_2025-07-05_15-22-33.jpg
Helmet Violation,2025-07-05_15-22-33,Helmet Violation_2025-07-05_15-22-33.jpg
Helmet Violation,2025-07-05_15-22-33,Helmet Violation_2025-07-05_15-22-33.jpg
Helmet Violation,2025-07-05_15-22-33,Helmet Violation_2025-07-05_15-22-33.jpg
Helmet Violation,2025-07-05_15-22-33,Helmet Violation_2025-07-05_15-22-33.jpg
Helmet Violation,2025-07-05_15-22-33,Helmet Violation_2025-07-05_15-22-33.jpg
Helmet Violation,2025-07-05_15-22-33,Helmet Violation_2025-07-05_15-22-33.jpg
Helmet Violation,2025-07-05_15-22-33,Helmet Violation_2025-07-05_15-22-33.jpg
Helmet Violation,2025-07-05_15-22-33,Helmet Violation_2025-07-05_15-22-33.jpg
Helmet Violation,2025-07-05_15-22-34,Helmet Violation_2025-07-05_15-22-34.jpg
Helmet Violation,2025-07-05_15-22-34,Helmet Violation_2025-07-05_15-22-34.jpg
Helmet Violation,2025-07-05_15-22-34,Helmet Violation_2025-07-05_15-22-34.jpg
Helmet Violation,2025-07-05_15-22-34,Helmet Violation_2025-07-05_15-22-34.jpg
Helmet Violation,2025-07-05_15-22-34,Helmet Violation_2025-07-05_15-22-34.jpg
Helmet Violation,2025-07-05_15-22-34,Helmet Violation_2025-07-05_15-22-34.jpg
Helmet Violation,2025-07-05_15-22-34,Helmet Violation_2025-07-05_15-22-34.jpg
Helmet Violation,2025-07-05_15-22-34,Helmet Violation_2025-07-05_15-22-34.jpg
Helmet Violation,2025-07-05_15-22-34,Helmet Violation_2025-07-05_15-22-34.jpg
Helmet Violation,2025-07-05_15-22-34,Helmet Violation_2025-07-05_15-22-34.jpg
Helmet Violation,2025-07-05_15-22-34,Helmet Violation_2025-07-05_15-22-34.jpg
Helmet Violation,2025-07-05_15-22-34,Helmet Violation_2025-07-05_15-22-34.jpg
Helmet Violation,2025-07-05_15-22-34,Helmet Violation_2025-07-05_15-22-34.jpg
Helmet Violation,2025-07-05_15-22-34,Helmet Violation_2025-07-05_15-22-34.jpg
Helmet Violation,2025-07-05_15-22-34,Helmet Violation_2025-07-05_15-22-34.jpg
Helmet Violation,2025-07-05_15-22-34,Helmet Violation_2025-07-05_15-22-34.jpg
Helmet Violation,2025-07-05_15-22-34,Helmet Violation_2025-07-05_15-22-34.jpg
Helmet Violation,2025-07-05_15-22-34,Helmet Violation_2025-07-05_15-22-34.jpg
Helmet Violation,2025-07-05_15-22-35,Helmet Violation_2025-07-05_15-22-35.jpg
Helmet Violation,2025-07-05_15-22-35,Helmet Violation_2025-07-05_15-22-35.jpg
Helmet Violation,2025-07-05_15-22-35,Helmet Violation_2025-07-05_15-22-35.jpg
Helmet Violation,2025-07-05_15-22-35,Helmet Violation_2025-07-05_15-22-35.jpg
Helmet Violation,2025-07-05_15-22-35,Helmet Violation_2025-07-05_15-22-35.jpg
Helmet Violation,2025-07-05_15-22-35,Helmet Violation_2025-07-05_15-22-35.jpg
Helmet Violation,2025-07-05_15-22-35,Helmet Violation_2025-07-05_15-22-35.jpg
Helmet Violation,2025-07-05_15-22-35,Helmet Violation_2025-07-05_15-22-35.jpg
Helmet Violation,2025-07-05_15-22-35,Helmet Violation_2025-07-05_15-22-35.jpg
Helmet Violation,2025-07-05_15-22-35,Helmet Violation_2025-07-05_15-22-35.jpg
Helmet Violation,2025-07-05_15-22-35,Helmet Violation_2025-07-05_15-22-35.jpg
Helmet Violation,2025-07-05_15-22-35,Helmet Violation_2025-07-05_15-22-35.jpg
Helmet Violation,2025-07-05_15-22-35,Helmet Violation_2025-07-05_15-22-35.jpg
Helmet Violation,2025-07-05_15-22-35,Helmet Violation_2025-07-05_15-22-35.jpg
Helmet Violation,2025-07-05_15-22-35,Helmet Violation_2025-07-05_15-22-35.jpg
Helmet Violation,2025-07-05_15-22-35,Helmet Violation_2025-07-05_15-22-35.jpg
Helmet Violation,2025-07-05_15-22-35,Helmet Violation_2025-07-05_15-22-35.jpg
Helmet Violation,2025-07-05_15-22-35,Helmet Violation_2025-07-05_15-22-35.jpg
Helmet Violation,2025-07-05_15-22-36,Helmet Violation_2025-07-05_15-22-36.jpg
Helmet Violation,2025-07-05_15-22-36,Helmet Violation_2025-07-05_15-22-36.jpg
Helmet Violation,2025-07-05_15-22-36,Helmet Violation_2025-07-05_15-22-36.jpg
Helmet Violation,2025-07-05_15-22-36,Helmet Violation_2025-07-05_15-22-36.jpg
Helmet Violation,2025-07-05_15-22-36,Helmet Violation_2025-07-05_15-22-36.jpg
Helmet Violation,2025-07-05_15-22-36,Helmet Violation_2025-07-05_15-22-36.jpg
Helmet Violation,2025-07-05_15-22-36,Helmet Violation_2025-07-05_15-22-36.jpg
Helmet Violation,2025-07-05_15-22-36,Helmet Violation_2025-07-05_15-22-36.jpg
Helmet Violation,2025-07-05_15-22-36,Helmet Violation_2025-07-05_15-22-36.jpg
Helmet Violation,2025-07-05_15-22-36,Helmet Violation_2025-07-05_15-22-36.jpg
Helmet Violation,2025-07-05_15-22-36,Helmet Violation_2025-07-05_15-22-36.jpg
Helmet Violation,2025-07-05_15-22-36,Helmet Violation_2025-07-05_15-22-36.jpg
Helmet Violation,2025-07-05_15-22-36,Helmet Violation_2025-07-05_15-22-36.jpg
Helmet Violation,2025-07-05_15-22-37,Helmet Violation_2025-07-05_15-22-37.jpg
Helmet Violation,2025-07-05_15-22-37,Helmet Violation_2025-07-05_15-22-37.jpg
Helmet Violation,2025-07-05_15-22-37,Helmet Violation_2025-07-05_15-22-37.jpg
Helmet Violation,2025-07-05_15-22-37,Helmet Violation_2025-07-05_15-22-37.jpg
Helmet Violation,2025-07-05_15-22-37,Helmet Violation_2025-07-05_15-22-37.jpg
Helmet Violation,2025-07-05_15-22-37,Helmet Violation_2025-07-05_15-22-37.jpg
Helmet Violation,2025-07-05_15-22-37,Helmet Violation_2025-07-05_15-22-37.jpg
Helmet Violation,2025-07-05_15-22-37,Helmet Violation_2025-07-05_15-22-37.jpg
Helmet Violation,2025-07-05_15-22-37,Helmet Violation_2025-07-05_15-22-37.jpg
Helmet Violation,2025-07-05_15-22-38,Helmet Violation_2025-07-05_15-22-38.jpg
Helmet Violation,2025-07-05_15-22-38,Helmet Violation_2025-07-05_15-22-38.jpg
Helmet Violation,2025-07-05_15-22-38,Helmet Violation_2025-07-05_15-22-38.jpg
Helmet Violation,2025-07-05_15-22-38,Helmet Violation_2025-07-05_15-22-38.jpg
Helmet Violation,2025-07-05_15-22-38,Helmet Violation_2025-07-05_15-22-38.jpg
Helmet Violation,2025-07-05_15-22-38,Helmet Violation_2025-07-05_15-22-38.jpg
Helmet Violation,2025-07-05_15-22-38,Helmet Violation_2025-07-05_15-22-38.jpg
Helmet Violation,2025-07-05_15-22-38,Helmet Violation_2025-07-05_15-22-38.jpg
Helmet Violation,2025-07-05_15-22-39,Helmet Violation_2025-07-05_15-22-39.jpg
Helmet Violation,2025-07-05_15-22-39,Helmet Violation_2025-07-05_15-22-39.jpg
Helmet Violation,2025-07-05_15-22-39,Helmet Violation_2025-07-05_15-22-39.jpg
Helmet Violation,2025-07-05_15-22-39,Helmet Violation_2025-07-05_15-22-39.jpg
Helmet Violation,2025-07-05_15-22-39,Helmet Violation_2025-07-05_15-22-39.jpg
Helmet Violation,2025-07-05_15-22-39,Helmet Violation_2025-07-05_15-22-39.jpg
Helmet Violation,2025-07-05_15-22-39,Helmet Violation_2025-07-05_15-22-39.jpg
Helmet Violation,2025-07-05_15-22-39,Helmet Violation_2025-07-05_15-22-39.jpg
Helmet Violation,2025-07-05_15-22-39,Helmet Violation_2025-07-05_15-22-39.jpg
Helmet Violation,2025-07-05_15-22-39,Helmet Violation_2025-07-05_15-22-39.jpg
Helmet Violation,2025-07-05_15-22-40,Helmet Violation_2025-07-05_15-22-40.jpg
Helmet Violation,2025-07-05_15-22-40,Helmet Violation_2025-07-05_15-22-40.jpg
Helmet Violation,2025-07-05_15-22-40,Helmet Violation_2025-07-05_15-22-40.jpg
Helmet Violation,2025-07-05_15-22-40,Helmet Violation_2025-07-05_15-22-40.jpg
Helmet Violation,2025-07-05_15-22-40,Helmet Violation_2025-07-05_15-22-40.jpg
Helmet Violation,2025-07-05_15-22-40,Helmet Violation_2025-07-05_15-22-40.jpg
Helmet Violation,2025-07-05_15-22-40,Helmet Violation_2025-07-05_15-22-40.jpg
Helmet Violation,2025-07-05_15-22-40,Helmet Violation_2025-07-05_15-22-40.jpg
Helmet Violation,2025-07-05_15-22-40,Helmet Violation_2025-07-05_15-22-40.jpg
Helmet Violation,2025-07-05_15-22-41,Helmet Violation_2025-07-05_15-22-41.jpg
Helmet Violation,2025-07-05_15-22-41,Helmet Violation_2025-07-05_15-22-41.jpg
Helmet Violation,2025-07-05_15-22-41,Helmet Violation_2025-07-05_15-22-41.jpg
Helmet Violation,2025-07-05_15-22-41,Helmet Violation_2025-07-05_15-22-41.jpg
Helmet Violation,2025-07-05_15-22-41,Helmet Violation_2025-07-05_15-22-41.jpg
Helmet Violation,2025-07-05_15-22-41,Helmet Violation_2025-07-05_15-22-41.jpg
Helmet Violation,2025-07-05_15-22-41,Helmet Violation_2025-07-05_15-22-41.jpg
Helmet Violation,2025-07-05_15-22-41,Helmet Violation_2025-07-05_15-22-41.jpg
Helmet Violation,2025-07-05_15-22-41,Helmet Violation_2025-07-05_15-22-41.jpg
Helmet Violation,2025-07-05_15-22-42,Helmet Violation_2025-07-05_15-22-42.jpg
Helmet Violation,2025-07-05_15-22-42,Helmet Violation_2025-07-05_15-22-42.jpg
Helmet Violation,2025-07-05_15-22-42,Helmet Violation_2025-07-05_15-22-42.jpg
Helmet Violation,2025-07-05_15-22-42,Helmet Violation_2025-07-05_15-22-42.jpg
Helmet Violation,2025-07-05_15-22-42,Helmet Violation_2025-07-05_15-22-42.jpg
Helmet Violation,2025-07-05_15-22-42,Helmet Violation_2025-07-05_15-22-42.jpg
Helmet Violation,2025-07-05_15-22-42,Helmet Violation_2025-07-05_15-22-42.jpg
Helmet Violation,2025-07-05_15-22-42,Helmet Violation_2025-07-05_15-22-42.jpg
Helmet Violation,2025-07-05_15-22-42,Helmet Violation_2025-07-05_15-22-42.jpg
Helmet Violation,2025-07-05_15-22-42,Helmet Violation_2025-07-05_15-22-42.jpg
Helmet Violation,2025-07-05_15-22-43,Helmet Violation_2025-07-05_15-22-43.jpg
Helmet Violation,2025-07-05_15-22-43,Helmet Violation_2025-07-05_15-22-43.jpg
Helmet Violation,2025-07-05_15-22-43,Helmet Violation_2025-07-05_15-22-43.jpg
Helmet Violation,2025-07-05_15-22-43,Helmet Violation_2025-07-05_15-22-43.jpg
Helmet Violation,2025-07-05_15-22-43,Helmet Violation_2025-07-05_15-22-43.jpg
Helmet Violation,2025-07-05_15-22-43,Helmet Violation_2025-07-05_15-22-43.jpg
Helmet Violation,2025-07-05_15-22-43,Helmet Violation_2025-07-05_15-22-43.jpg
Helmet Violation,2025-07-05_15-22-43,Helmet Violation_2025-07-05_15-22-43.jpg
Helmet Violation,2025-07-05_15-22-43,Helmet Violation_2025-07-05_15-22-43.jpg
Helmet Violation,2025-07-05_15-22-43,Helmet Violation_2025-07-05_15-22-43.jpg
Helmet Violation,2025-07-05_15-22-43,Helmet Violation_2025-07-05_15-22-43.jpg
Helmet Violation,2025-07-05_15-22-43,Helmet Violation_2025-07-05_15-22-43.jpg
Helmet Violation,2025-07-05_15-22-44,Helmet Violation_2025-07-05_15-22-44.jpg
Helmet Violation,2025-07-05_15-22-44,Helmet Violation_2025-07-05_15-22-44.jpg
Helmet Violation,2025-07-05_15-22-44,Helmet Violation_2025-07-05_15-22-44.jpg
Helmet Violation,2025-07-05_15-22-44,Helmet Violation_2025-07-05_15-22-44.jpg
Helmet Violation,2025-07-05_15-22-44,Helmet Violation_2025-07-05_15-22-44.jpg
Helmet Violation,2025-07-05_15-22-44,Helmet Violation_2025-07-05_15-22-44.jpg
Helmet Violation,2025-07-05_15-22-44,Helmet Violation_2025-07-05_15-22-44.jpg
Helmet Violation,2025-07-05_15-22-44,Helmet Violation_2025-07-05_15-22-44.jpg
Helmet Violation,2025-07-05_15-22-44,Helmet Violation_2025-07-05_15-22-44.jpg
Helmet Violation,2025-07-05_15-22-44,Helmet Violation_2025-07-05_15-22-44.jpg
Helmet Violation,2025-07-05_15-22-44,Helmet Violation_2025-07-05_15-22-44.jpg
Helmet Violation,2025-07-05_15-22-45,Helmet Violation_2025-07-05_15-22-45.jpg
Helmet Violation,2025-07-05_15-22-45,Helmet Violation_2025-07-05_15-22-45.jpg
Helmet Violation,2025-07-05_15-22-45,Helmet Violation_2025-07-05_15-22-45.jpg
Helmet Violation,2025-07-05_15-22-45,Helmet Violation_2025-07-05_15-22-45.jpg
Helmet Violation,2025-07-05_15-22-45,Helmet Violation_2025-07-05_15-22-45.jpg
Helmet Violation,2025-07-05_15-22-45,Helmet Violation_2025-07-05_15-22-45.jpg
Helmet Violation,2025-07-05_15-22-46,Helmet Violation_2025-07-05_15-22-46.jpg
Helmet Violation,2025-07-05_15-22-46,Helmet Violation_2025-07-05_15-22-46.jpg
Helmet Violation,2025-07-05_15-22-46,Helmet Violation_2025-07-05_15-22-46.jpg
Helmet Violation,2025-07-05_15-22-46,Helmet Violation_2025-07-05_15-22-46.jpg
Helmet Violation,2025-07-05_15-22-46,Helmet Violation_2025-07-05_15-22-46.jpg
Signal Jump,2025-07-05_15-32-41,violation_Signal Jump_2025-07-05_15-32-41.jpg
Signal Jump,2025-07-05_15-32-41,violation_Signal Jump_2025-07-05_15-32-41.jpg
Signal Jump,2025-07-05_15-32-41,violation_Signal Jump_2025-07-05_15-32-41.jpg
Signal Jump,2025-07-05_15-32-41,violation_Signal Jump_2025-07-05_15-32-41.jpg
Signal Jump,2025-07-05_15-32-41,violation_Signal Jump_2025-07-05_15-32-41.jpg
Signal Jump,2025-07-05_15-32-41,violation_Signal Jump_2025-07-05_15-32-41.jpg
Signal Jump,2025-07-05_15-32-42,violation_Signal Jump_2025-07-05_15-32-42.jpg
Signal Jump,2025-07-05_15-32-42,violation_Signal Jump_2025-07-05_15-32-42.jpg
Signal Jump,2025-07-05_15-32-42,violation_Signal Jump_2025-07-05_15-32-42.jpg
Signal Jump,2025-07-05_15-32-42,violation_Signal Jump_2025-07-05_15-32-42.jpg
Signal Jump,2025-07-05_15-32-42,violation_Signal Jump_2025-07-05_15-32-42.jpg
Signal Jump,2025-07-05_15-32-42,violation_Signal Jump_2025-07-05_15-32-42.jpg
Signal Jump,2025-07-05_15-32-42,violation_Signal Jump_2025-07-05_15-32-42.jpg
Signal Jump,2025-07-05_15-32-42,violation_Signal Jump_2025-07-05_15-32-42.jpg
Signal Jump,2025-07-05_15-32-43,violation_Signal Jump_2025-07-05_15-32-43.jpg
Signal Jump,2025-07-05_15-37-20,violation_Signal Jump_2025-07-05_15-37-20.jpg
Signal Jump,2025-07-05_15-37-20,violation_Signal Jump_2025-07-05_15-37-20.jpg
Signal Jump,2025-07-05_15-37-20,violation_Signal Jump_2025-07-05_15-37-20.jpg
Signal Jump,2025-07-05_15-37-20,violation_Signal Jump_2025-07-05_15-37-20.jpg
Signal Jump,2025-07-05_15-37-20,violation_Signal Jump_2025-07-05_15-37-20.jpg
Signal Jump,2025-07-05_15-37-20,violation_Signal Jump_2025-07-05_15-37-20.jpg
Signal Jump,2025-07-05_15-37-21,violation_Signal Jump_2025-07-05_15-37-21.jpg
Signal Jump,2025-07-05_15-37-21,violation_Signal Jump_2025-07-05_15-37-21.jpg
Signal Jump,2025-07-05_15-37-21,violation_Signal Jump_2025-07-05_15-37-21.jpg
Signal Jump,2025-07-05_15-37-21,violation_Signal Jump_2025-07-05_15-37-21.jpg
Signal Jump,2025-07-05_15-37-21,violation_Signal Jump_2025-07-05_15-37-21.jpg
Signal Jump,2025-07-05_15-37-21,violation_Signal Jump_2025-07-05_15-37-21.jpg
Signal Jump,2025-07-05_15-37-21,violation_Signal Jump_2025-07-05_15-37-21.jpg
Signal Jump,2025-07-05_15-37-22,violation_Signal Jump_2025-07-05_15-37-22.jpg
Signal Jump,2025-07-05_15-37-22,violation_Signal Jump_2025-07-05_15-37-22.jpg
